rank,call_freq,name,type,layer,nelisp_coverage
1,59071,setq,special,runtime,source-unbootstrapped
2,52839,if,special,runtime,source-unbootstrapped
3,35454,let,special,runtime,source-unbootstrapped
4,32147,and,special,runtime,source-unbootstrapped
5,25346,or,special,runtime,source-unbootstrapped
6,23184,car,fn,runtime,runtime-ok
7,21357,not,fn,runtime,runtime-ok
8,20810,eq,fn,runtime,runtime-ok
9,17638,point,fn,substrate/ui,MISSING
10,16968,cdr,fn,runtime,runtime-ok
11,15127,list,fn,runtime,runtime-ok
12,14516,nth,fn,runtime,runtime-ok
13,13588,defvar,special,runtime,source-unbootstrapped
14,13544,goto-char,fn,substrate/ui,source-unbootstrapped
15,11779,interactive,special,runtime,MISSING
16,11728,while,special,runtime,MISSING
17,11041,concat,fn,runtime,runtime-ok
18,10475,cons,fn,runtime,runtime-ok
19,9931,cond,special,runtime,source-unbootstrapped
20,9226,let*,special,runtime,source-unbootstrapped
21,8596,insert,fn,substrate/ui,source-unbootstrapped
22,8533,progn,special,runtime,source-unbootstrapped
23,8238,format,fn,runtime,runtime-ok
24,7993,define-key,fn,substrate/ui,MISSING
25,7940,save-excursion,special,runtime,source-unbootstrapped
26,7734,autoload,fn,runtime,MISSING
27,6784,point-min,fn,substrate/ui,source-unbootstrapped
28,5919,length,fn,runtime,runtime-ok
29,5670,memq,fn,runtime,runtime-ok
30,5188,funcall,fn,runtime,runtime-ok
31,5081,looking-at,fn,substrate/ui,MISSING
32,4980,require,fn,runtime,runtime-ok
33,4898,equal,fn,runtime,runtime-ok
34,4830,string-match,fn,runtime,MISSING
35,4775,point-max,fn,substrate/ui,source-unbootstrapped
36,4065,aref,fn,runtime,runtime-ok
37,3970,null,fn,runtime,runtime-ok
38,3770,match-end,fn,substrate/ui,MISSING
39,3700,put,fn,runtime,source-unbootstrapped
40,3694,re-search-forward,fn,substrate/ui,MISSING
41,3570,mapcar,fn,runtime,runtime-ok
42,3568,match-beginning,fn,substrate/ui,MISSING
43,3404,current-buffer,fn,substrate/ui,source-unbootstrapped
44,3266,defconst,special,runtime,MISSING
45,3250,stringp,fn,runtime,runtime-ok
46,3171,forward-line,fn,substrate/ui,MISSING
47,3077,assq,fn,runtime,runtime-ok
48,2995,substring,fn,runtime,runtime-ok
49,2604,string,fn,runtime,runtime-ok
50,2559,append,fn,runtime,runtime-ok
51,2519,assoc,fn,runtime,runtime-ok
52,2406,apply,fn,runtime,runtime-ok
53,2370,string=,fn,runtime,runtime-ok
54,2355,plist-get,fn,runtime,runtime-ok
55,2136,expand-file-name,fn,runtime,runtime-ok
56,2084,consp,fn,runtime,runtime-ok
57,2073,member,fn,runtime,runtime-ok
58,1988,forward-char,fn,substrate/ui,MISSING
59,1913,car-safe,fn,runtime,source-unbootstrapped
60,1861,throw,fn,runtime,runtime-ok
61,1792,nreverse,fn,runtime,runtime-ok
62,1685,condition-case,special,runtime,MISSING
63,1677,delete-region,fn,substrate/ui,MISSING
64,1628,beginning-of-line,fn,substrate/ui,MISSING
65,1625,symbol-name,fn,runtime,runtime-ok
66,1574,aset,fn,runtime,runtime-ok
67,1566,provide,fn,runtime,runtime-ok
68,1558,princ,fn,runtime,runtime-ok
69,1425,string-to-number,fn,runtime,runtime-ok
70,1417,listp,fn,runtime,runtime-ok
71,1410,intern,fn,runtime,runtime-ok
72,1381,get-text-property,fn,substrate/ui,MISSING
73,1376,modify-syntax-entry,fn,substrate/ui,MISSING
74,1352,buffer-substring,fn,substrate/ui,MISSING
75,1307,get,fn,runtime,source-unbootstrapped
76,1305,mapconcat,fn,runtime,runtime-ok
77,1290,symbolp,fn,substrate/ui,runtime-ok
78,1264,file-exists-p,fn,runtime,runtime-ok
79,1248,skip-chars-forward,fn,substrate/ui,MISSING
80,1232,char-after,fn,substrate/ui,MISSING
81,1230,max,fn,runtime,runtime-ok
82,1192,eobp,fn,substrate/ui,MISSING
83,1186,set-buffer,fn,substrate/ui,MISSING
84,1185,setcdr,fn,runtime,runtime-ok
85,1184,line-beginning-position,fn,substrate/ui,MISSING
86,1160,function,special,runtime,source-unbootstrapped
87,1159,replace-match,fn,substrate/ui,MISSING
88,1136,line-end-position,fn,substrate/ui,MISSING
89,1115,defalias,fn,runtime,runtime-ok
90,1104,search-forward,fn,substrate/ui,MISSING
91,1101,regexp-quote,fn,runtime,runtime-ok
92,1095,delq,fn,runtime,MISSING
93,1092,save-restriction,special,runtime,source-unbootstrapped
94,1081,fboundp,fn,runtime,runtime-ok
95,1064,numberp,fn,runtime,runtime-ok
96,1050,current-column,fn,substrate/ui,MISSING
97,1043,catch,special,runtime,MISSING
98,1042,setcar,fn,runtime,runtime-ok
99,1032,min,fn,runtime,runtime-ok
100,1020,prog1,special,runtime,source-unbootstrapped
101,1000,boundp,fn,runtime,runtime-ok
102,984,symbol-value,fn,runtime,runtime-ok
103,980,put-text-property,fn,substrate/ui,MISSING
104,966,end-of-line,fn,substrate/ui,MISSING
105,948,erase-buffer,fn,substrate/ui,MISSING
106,905,mapc,fn,runtime,runtime-ok
107,902,buffer-name,fn,substrate/ui,MISSING
108,888,elt,fn,runtime,runtime-ok
109,874,gethash,fn,runtime,runtime-ok
110,868,string-equal,fn,runtime,runtime-ok
111,867,re-search-backward,fn,substrate/ui,MISSING
112,861,integerp,fn,runtime,runtime-ok
113,860,propertize,fn,substrate/ui,MISSING
114,857,set,fn,runtime,runtime-ok
115,834,skip-chars-backward,fn,substrate/ui,MISSING
116,834,file-name-nondirectory,fn,runtime,runtime-ok
117,830,file-name-directory,fn,runtime,runtime-ok
118,817,downcase,fn,runtime,runtime-ok
119,813,nconc,fn,runtime,MISSING
120,810,purecopy,fn,runtime,MISSING
121,807,vector,fn,runtime,runtime-ok
122,800,bolp,fn,substrate/ui,MISSING
123,795,narrow-to-region,fn,substrate/ui,MISSING
124,787,unwind-protect,special,runtime,MISSING
125,770,eval,fn,runtime,runtime-ok
126,767,buffer-substring-no-properties,fn,substrate/ui,source-unbootstrapped
127,765,widget-get,fn,substrate/ui,MISSING
128,765,kill-buffer,fn,substrate/ui,MISSING
129,757,nthcdr,fn,runtime,runtime-ok
130,747,overlay-put,fn,substrate/ui,MISSING
131,743,run-hooks,fn,substrate/ui,MISSING
132,722,get-buffer-create,fn,substrate/ui,MISSING
133,715,delete-char,fn,substrate/ui,MISSING
134,705,char-before,fn,substrate/ui,MISSING
135,702,signal,fn,runtime,runtime-ok
136,699,make-string,fn,runtime,runtime-ok
137,696,widen,fn,substrate/ui,MISSING
138,665,set-marker,fn,substrate/ui,MISSING
139,657,functionp,fn,runtime,runtime-ok
140,650,make-local-variable,fn,substrate/ui,MISSING
141,650,buffer-file-name,fn,substrate/ui,MISSING
142,639,call-interactively,fn,substrate/ui,MISSING
143,639,backward-char,fn,substrate/ui,MISSING
144,636,sort,fn,runtime,runtime-ok
145,635,following-char,fn,substrate/ui,MISSING
146,615,file-directory-p,fn,runtime,runtime-ok
147,611,selected-window,fn,substrate/ui,MISSING
148,590,make-sparse-keymap,fn,substrate/ui,MISSING
149,564,get-buffer,fn,substrate/ui,MISSING
150,562,read-string,fn,substrate/ui,MISSING
151,560,read,fn,runtime,runtime-ok
152,558,prefix-numeric-value,fn,runtime,MISSING
153,553,point-marker,fn,substrate/ui,MISSING
154,550,float,fn,runtime,runtime-ok
155,544,completing-read,fn,substrate/ui,MISSING
156,541,copy-sequence,fn,runtime,runtime-ok
157,540,bobp,fn,substrate/ui,MISSING
158,533,buffer-string,fn,substrate/ui,source-unbootstrapped
159,501,get-buffer-window,fn,substrate/ui,MISSING
160,495,reverse,fn,runtime,runtime-ok
161,486,puthash,fn,runtime,runtime-ok
162,483,featurep,fn,runtime,runtime-ok
163,474,buffer-live-p,fn,substrate/ui,MISSING
164,467,number-to-string,fn,runtime,runtime-ok
165,435,preceding-char,fn,substrate/ui,MISSING
166,426,char-to-string,fn,runtime,runtime-ok
167,415,insert-file-contents,fn,substrate/ui,source-unbootstrapped
168,408,logand,fn,runtime,runtime-ok
169,407,format-message,fn,runtime,MISSING
170,405,make-hash-table,fn,runtime,runtime-ok
171,404,delete,fn,runtime,MISSING
172,400,eolp,fn,substrate/ui,MISSING
173,395,marker-position,fn,substrate/ui,MISSING
174,385,load,fn,runtime,runtime-ok
175,377,eql,fn,runtime,runtime-ok
176,376,file-name-as-directory,fn,runtime,runtime-ok
177,375,abs,fn,runtime,runtime-ok
178,374,make-symbol,fn,runtime,runtime-ok
179,372,copy-marker,fn,substrate/ui,MISSING
180,365,window-buffer,fn,substrate/ui,MISSING
181,362,add-text-properties,fn,substrate/ui,MISSING
182,359,indent-to,fn,substrate/ui,MISSING
183,344,marker-buffer,fn,substrate/ui,MISSING
184,342,mod,fn,runtime,runtime-ok
185,340,file-attributes,fn,runtime,MISSING
186,338,set-buffer-modified-p,fn,substrate/ui,MISSING
187,323,format-time-string,fn,runtime,MISSING
188,322,plist-put,fn,runtime,runtime-ok
189,321,file-readable-p,fn,runtime,runtime-ok
190,321,default-value,fn,runtime,MISSING
191,320,upcase,fn,runtime,runtime-ok
192,320,buffer-modified-p,fn,substrate/ui,MISSING
193,318,string-search,fn,runtime,runtime-ok
194,311,process-buffer,fn,substrate/ui,MISSING
195,306,selected-frame,fn,substrate/ui,MISSING
196,303,current-indentation,fn,substrate/ui,MISSING
197,301,directory-file-name,fn,runtime,runtime-ok
198,297,insert-buffer-substring,fn,substrate/ui,MISSING
199,296,ash,fn,runtime,runtime-ok
200,293,region-beginning,fn,substrate/ui,MISSING
201,293,buffer-size,fn,substrate/ui,MISSING
202,283,widget-put,fn,substrate/ui,MISSING
203,283,get-buffer-process,fn,substrate/ui,MISSING
204,282,move-to-column,fn,substrate/ui,MISSING
205,282,make-vector,fn,runtime,runtime-ok
206,276,search-backward,fn,substrate/ui,MISSING
207,275,symbol-function,fn,runtime,runtime-ok
208,273,move-marker,fn,substrate/ui,MISSING
209,272,write-region,fn,substrate/ui,source-unbootstrapped
210,271,region-end,fn,substrate/ui,MISSING
211,271,overlay-get,fn,substrate/ui,MISSING
212,270,make-overlay,fn,substrate/ui,MISSING
213,256,next-single-property-change,fn,substrate/ui,MISSING
214,252,make-marker,fn,substrate/ui,MISSING
215,251,directory-files,fn,runtime,runtime-ok
216,249,vectorp,fn,runtime,runtime-ok
217,245,delete-overlay,fn,substrate/ui,MISSING
218,243,cdr-safe,fn,runtime,source-unbootstrapped
219,242,window-height,fn,substrate/ui,MISSING
220,240,kill-local-variable,fn,substrate/ui,MISSING
221,238,ding,fn,substrate/ui,MISSING
222,237,intern-soft,fn,runtime,runtime-ok
223,234,process-status,fn,substrate/ui,MISSING
224,232,lookup-key,fn,substrate/ui,MISSING
225,227,overlay-start,fn,substrate/ui,MISSING
226,225,force-mode-line-update,fn,substrate/ui,MISSING
227,225,buffer-list,fn,substrate/ui,MISSING
228,222,window-frame,fn,substrate/ui,MISSING
229,218,recenter,fn,substrate/ui,MISSING
230,216,int-to-string,fn,runtime,MISSING
231,215,maphash,fn,runtime,runtime-ok
232,214,assoc-string,fn,runtime,MISSING
233,213,prin1-to-string,fn,runtime,runtime-ok
234,212,prin1,fn,runtime,runtime-ok
235,210,bufferp,fn,substrate/ui,source-unbootstrapped
236,208,frame-parameter,fn,substrate/ui,MISSING
237,206,read-from-minibuffer,fn,substrate/ui,MISSING
238,204,make-variable-buffer-local,fn,substrate/ui,MISSING
239,202,floor,fn,runtime,runtime-ok
240,201,search-forward-regexp,fn,substrate/ui,MISSING
241,198,window-width,fn,substrate/ui,MISSING
242,196,run-hook-with-args,fn,substrate/ui,MISSING
243,195,insert-char,fn,substrate/ui,MISSING
244,192,window-live-p,fn,substrate/ui,MISSING
245,191,overlay-end,fn,substrate/ui,MISSING
246,190,string-to-char,fn,runtime,source-unbootstrapped
247,188,quote,special,runtime,source-unbootstrapped
248,186,parse-partial-sexp,fn,runtime,MISSING
249,184,natnump,fn,runtime,MISSING
250,184,buffer-local-value,fn,substrate/ui,MISSING
251,179,fset,fn,runtime,MISSING
252,174,process-send-string,fn,substrate/ui,MISSING
253,174,float-time,fn,runtime,MISSING
254,173,get-char-property,fn,runtime,MISSING
255,171,documentation,fn,runtime,MISSING
256,170,widget-apply,fn,substrate/ui,MISSING
257,170,get-file-buffer,fn,substrate/ui,MISSING
258,170,file-name-absolute-p,fn,runtime,MISSING
259,169,logior,fn,runtime,source-unbootstrapped
260,167,current-time,fn,runtime,MISSING
261,166,set-default,fn,runtime,MISSING
262,166,char-syntax,fn,substrate/ui,MISSING
263,165,markerp,fn,substrate/ui,MISSING
264,163,process-mark,fn,substrate/ui,MISSING
265,160,window-start,fn,substrate/ui,MISSING
266,158,treesit-node-start,fn,substrate/ui,MISSING
267,158,remove-text-properties,fn,substrate/ui,MISSING
268,155,string<,fn,runtime,MISSING
269,153,delete-process,fn,runtime,MISSING
270,152,forward-comment,fn,substrate/ui,MISSING
271,152,exp,fn,runtime,MISSING
272,150,move-overlay,fn,substrate/ui,MISSING
273,149,string-width,fn,runtime,MISSING
274,149,define-coding-system-alias,fn,substrate/ui,MISSING
275,149,call-process,fn,runtime,MISSING
276,145,beep,fn,runtime,MISSING
277,144,treesit-node-type,fn,substrate/ui,MISSING
278,143,skip-syntax-backward,fn,substrate/ui,MISSING
279,142,time-less-p,fn,runtime,MISSING
280,142,atom,fn,runtime,source-unbootstrapped
281,140,vconcat,fn,runtime,source-unbootstrapped
282,133,pos-visible-in-window-p,fn,substrate/ui,MISSING
283,131,skip-syntax-forward,fn,substrate/ui,MISSING
284,131,line-number-at-pos,fn,runtime,MISSING
285,130,keymapp,fn,substrate/ui,MISSING
286,126,key-binding,fn,substrate/ui,MISSING
287,126,buffer-base-buffer,fn,substrate/ui,MISSING
288,125,set-window-start,fn,substrate/ui,MISSING
289,125,file-writable-p,fn,runtime,MISSING
290,125,error-message-string,fn,runtime,source-unbootstrapped
291,124,round,fn,runtime,source-unbootstrapped
292,124,remhash,fn,runtime,source-unbootstrapped
293,123,random,fn,runtime,MISSING
294,122,local-variable-p,fn,substrate/ui,MISSING
295,121,key-description,fn,runtime,MISSING
296,121,encode-coding-string,fn,substrate/ui,source-unbootstrapped
297,121,capitalize,fn,runtime,source-unbootstrapped
298,118,set-keymap-parent,fn,substrate/ui,MISSING
299,117,rename-file,fn,runtime,MISSING
300,116,string-to-syntax,fn,substrate/ui,MISSING
301,116,keywordp,fn,runtime,source-unbootstrapped
302,115,save-current-buffer,special,substrate/ui,source-unbootstrapped
303,114,set-text-properties,fn,substrate/ui,MISSING
304,114,overlayp,fn,substrate/ui,MISSING
305,114,decode-coding-string,fn,substrate/ui,source-unbootstrapped
306,113,frame-live-p,fn,substrate/ui,MISSING
307,112,run-hook-with-args-until-success,fn,substrate/ui,MISSING
308,112,accept-process-output,fn,substrate/ui,MISSING
309,111,window-parameter,fn,substrate/ui,MISSING
310,111,user-login-name,fn,runtime,MISSING
311,111,self-insert-command,fn,substrate/ui,MISSING
312,111,select-frame,fn,substrate/ui,MISSING
313,109,rassq,fn,runtime,MISSING
314,109,char-equal,fn,runtime,MISSING
315,108,set-char-table-range,fn,runtime,MISSING
316,108,read-char,fn,runtime,MISSING
317,107,window-system,fn,substrate/ui,MISSING
318,106,previous-single-property-change,fn,substrate/ui,MISSING
319,106,plist-member,fn,runtime,source-unbootstrapped
320,102,modify-category-entry,fn,substrate/ui,MISSING
321,102,copy-file,fn,runtime,MISSING
322,100,substring-no-properties,fn,runtime,MISSING
323,99,truncate,fn,runtime,MISSING
324,99,set-syntax-table,fn,substrate/ui,MISSING
325,97,read-from-string,fn,runtime,source-unbootstrapped
326,96,window-minibuffer-p,fn,substrate/ui,MISSING
327,96,set-window-point,fn,substrate/ui,MISSING
328,96,overlays-in,fn,substrate/ui,MISSING
329,96,make-list,fn,runtime,source-unbootstrapped
330,93,rassoc,fn,runtime,MISSING
331,93,minibuffer-window,fn,substrate/ui,MISSING
332,93,current-local-map,fn,runtime,MISSING
333,93,characterp,fn,runtime,MISSING
334,92,text-property-any,fn,substrate/ui,MISSING
335,92,mapatoms,fn,runtime,MISSING
336,92,file-regular-p,fn,runtime,source-unbootstrapped
337,91,mapcan,fn,runtime,MISSING
338,90,set-window-configuration,fn,substrate/ui,MISSING
339,89,file-symlink-p,fn,runtime,MISSING
340,88,current-window-configuration,fn,substrate/ui,MISSING
341,87,terpri,fn,runtime,source-unbootstrapped
342,86,all-completions,fn,runtime,MISSING
343,85,read-event,fn,substrate/ui,MISSING
344,84,time-subtract,fn,runtime,MISSING
345,84,processp,fn,runtime,MISSING
346,84,expt,fn,runtime,MISSING
347,83,try-completion,fn,runtime,MISSING
348,83,string-lessp,fn,runtime,source-unbootstrapped
349,83,set-match-data,fn,substrate/ui,MISSING
350,83,add-face-text-property,fn,substrate/ui,MISSING
351,82,insert-and-inherit,fn,substrate/ui,MISSING
352,81,scroll-up,fn,substrate/ui,MISSING
353,81,defvaralias,fn,runtime,MISSING
354,80,set-process-sentinel,fn,substrate/ui,MISSING
355,79,set-process-filter,fn,substrate/ui,MISSING
356,79,match-data,fn,substrate/ui,MISSING
357,79,current-time-string,fn,runtime,MISSING
358,78,treesit-node-end,fn,substrate/ui,MISSING
359,77,insert-before-markers,fn,substrate/ui,MISSING
360,77,decode-time,fn,runtime,MISSING
361,76,substitute-in-file-name,fn,runtime,MISSING
362,76,minibuffer-prompt-end,fn,substrate/ui,MISSING
363,74,treesit-node-parent,fn,substrate/ui,MISSING
364,74,set-window-parameter,fn,substrate/ui,MISSING
365,74,set-window-dedicated-p,fn,substrate/ui,MISSING
366,74,set-file-modes,fn,runtime,source-unbootstrapped
367,73,frame-root-window,fn,substrate/ui,MISSING
368,72,frame-list,fn,substrate/ui,MISSING
369,71,time-convert,fn,runtime,MISSING
370,71,this-command-keys,fn,substrate/ui,MISSING
371,71,syntax-table,fn,substrate/ui,MISSING
372,71,overlay-buffer,fn,substrate/ui,MISSING
373,71,font-spec,fn,runtime,MISSING
374,70,subst-char-in-region,fn,substrate/ui,MISSING
375,70,overlays-at,fn,substrate/ui,MISSING
376,69,frame-char-width,fn,substrate/ui,MISSING
377,69,copy-keymap,fn,substrate/ui,MISSING
378,68,sleep-for,fn,runtime,MISSING
379,68,log,fn,runtime,MISSING
380,68,file-accessible-directory-p,fn,runtime,MISSING
381,67,coding-system-base,fn,substrate/ui,MISSING
382,67,barf-if-buffer-read-only,fn,substrate/ui,MISSING
383,66,hash-table-p,fn,runtime,source-unbootstrapped
384,65,vertical-motion,fn,runtime,MISSING
385,65,pos-bol,fn,runtime,MISSING
386,65,map-charset-chars,fn,runtime,MISSING
387,64,window-dedicated-p,fn,substrate/ui,MISSING
388,64,text-property-not-all,fn,substrate/ui,MISSING
389,64,text-properties-at,fn,substrate/ui,MISSING
390,63,window-point,fn,substrate/ui,MISSING
391,62,make-keymap,fn,substrate/ui,MISSING
392,62,commandp,fn,substrate/ui,MISSING
393,61,inline,special,runtime,MISSING
394,61,ceiling,fn,runtime,source-unbootstrapped
395,60,windowp,fn,substrate/ui,MISSING
396,60,scroll-down,fn,substrate/ui,MISSING
397,60,file-newer-than-file-p,fn,runtime,MISSING
398,60,encode-time,fn,runtime,MISSING
399,59,read-buffer,fn,substrate/ui,MISSING
400,59,input-pending-p,fn,substrate/ui,MISSING
401,59,current-global-map,fn,runtime,MISSING
402,58,system-name,fn,runtime,source-unbootstrapped
403,58,indirect-function,fn,runtime,MISSING
404,55,terminal-parameter,fn,runtime,MISSING
405,55,file-modes,fn,runtime,MISSING
406,55,clrhash,fn,runtime,source-unbootstrapped
407,54,where-is-internal,fn,runtime,MISSING
408,54,define-category,fn,substrate/ui,MISSING
409,53,process-name,fn,substrate/ui,MISSING
410,53,kill-all-local-variables,fn,substrate/ui,MISSING
411,53,frame-parameters,fn,substrate/ui,MISSING
412,53,frame-char-height,fn,substrate/ui,MISSING
413,53,buffer-chars-modified-tick,fn,substrate/ui,MISSING
414,52,window-hscroll,fn,substrate/ui,MISSING
415,52,raise-frame,fn,substrate/ui,MISSING
416,51,treesit-node-child,fn,substrate/ui,MISSING
417,51,forward-word,fn,substrate/ui,MISSING
418,51,coding-system-p,fn,substrate/ui,MISSING
419,50,sqrt,fn,runtime,MISSING
420,50,file-name-all-completions,fn,runtime,MISSING
421,49,treesit-node-child-by-field-name,fn,substrate/ui,MISSING
422,49,print,fn,runtime,source-unbootstrapped
423,49,mark-marker,fn,substrate/ui,MISSING
424,49,make-char-table,fn,runtime,MISSING
425,48,verify-visited-file-modtime,fn,runtime,MISSING
426,48,scan-lists,fn,runtime,MISSING
427,48,record,fn,runtime,MISSING
428,48,next-single-char-property-change,fn,runtime,MISSING
429,48,multibyte-string-p,fn,runtime,source-unbootstrapped
430,48,minibufferp,fn,substrate/ui,MISSING
431,48,file-executable-p,fn,runtime,MISSING
432,48,current-message,fn,runtime,MISSING
433,47,user-full-name,fn,runtime,MISSING
434,47,make-process,fn,runtime,MISSING
435,47,invisible-p,fn,runtime,MISSING
436,47,identity,fn,runtime,source-unbootstrapped
437,47,floatp,fn,runtime,source-unbootstrapped
438,47,find-file-name-handler,fn,runtime,MISSING
439,46,set-marker-insertion-type,fn,substrate/ui,MISSING
440,46,framep,fn,substrate/ui,MISSING
441,46,delete-frame,fn,substrate/ui,MISSING
442,46,copy-syntax-table,fn,substrate/ui,MISSING
443,45,restore-buffer-modified-p,fn,substrate/ui,MISSING
444,45,hash-table-count,fn,runtime,source-unbootstrapped
445,44,time-add,fn,runtime,MISSING
446,43,window-end,fn,substrate/ui,MISSING
447,43,get-process,fn,runtime,MISSING
448,42,treesit-parser-create,fn,substrate/ui,MISSING
449,42,read-char-exclusive,fn,runtime,MISSING
450,42,pos-eol,fn,runtime,MISSING
451,42,next-window,fn,substrate/ui,MISSING
452,42,move-to-window-line,fn,substrate/ui,MISSING
453,42,avl-tree--node-branch,fn,runtime,MISSING
454,41,set-visited-file-modtime,fn,runtime,MISSING
455,41,make-symbolic-link,fn,runtime,MISSING
456,41,decode-coding-region,fn,substrate/ui,MISSING
457,41,copy-alist,fn,runtime,MISSING
458,40,set-process-query-on-exit-flag,fn,substrate/ui,MISSING
459,40,minibuffer-depth,fn,substrate/ui,MISSING
460,39,wholenump,fn,runtime,MISSING
461,39,point-max-marker,fn,substrate/ui,MISSING
462,39,compare-strings,fn,runtime,source-unbootstrapped
463,38,time-equal-p,fn,runtime,MISSING
464,38,scan-sexps,fn,runtime,MISSING
465,38,process-exit-status,fn,substrate/ui,MISSING
466,38,macroexpand,fn,runtime,source-unbootstrapped
467,38,directory-name-p,fn,runtime,MISSING
468,38,base64-encode-string,fn,runtime,MISSING
469,37,tramp-compat-string-search,fn,runtime,MISSING
470,37,other-buffer,fn,substrate/ui,MISSING
471,37,memql,fn,runtime,MISSING
472,37,kill-emacs,fn,runtime,MISSING
473,36,process-send-eof,fn,substrate/ui,MISSING
474,35,point-min-marker,fn,substrate/ui,MISSING
475,35,obarray-make,fn,runtime,MISSING
476,35,md5,fn,runtime,MISSING
477,35,length=,fn,runtime,MISSING
478,35,format-mode-line,fn,substrate/ui,MISSING
479,35,arrayp,fn,runtime,source-unbootstrapped
480,35,add-name-to-file,fn,runtime,MISSING
481,35,active-minibuffer-window,fn,substrate/ui,MISSING
482,34,x-popup-menu,fn,runtime,MISSING
483,34,undo-boundary,fn,runtime,MISSING
484,34,set-window-hscroll,fn,substrate/ui,MISSING
485,34,ngettext,fn,runtime,MISSING
486,34,image-size,fn,runtime,MISSING
487,34,frame-selected-window,fn,substrate/ui,MISSING
488,34,delete-and-extract-region,fn,substrate/ui,MISSING
489,33,window-parent,fn,substrate/ui,MISSING
490,33,standard-syntax-table,fn,substrate/ui,MISSING
491,33,set-char-table-extra-slot,fn,runtime,MISSING
492,33,number-or-marker-p,fn,substrate/ui,MISSING
493,33,make-temp-name,fn,runtime,MISSING
494,33,kill-process,fn,runtime,MISSING
495,33,indent-to-column,fn,substrate/ui,MISSING
496,33,coding-system-eol-type,fn,substrate/ui,MISSING
497,33,call-process-region,fn,substrate/ui,MISSING
498,32,remove-list-of-text-properties,fn,substrate/ui,MISSING
499,32,redisplay,fn,substrate/ui,MISSING
500,32,file-locked-p,fn,runtime,MISSING
501,32,cl-first,fn,runtime,MISSING
502,32,buffer-modified-tick,fn,substrate/ui,MISSING
503,31,single-key-description,fn,runtime,MISSING
504,31,set-default-toplevel-value,fn,runtime,MISSING
505,31,minibuffer-selected-window,fn,substrate/ui,MISSING
506,31,generate-new-buffer-name,fn,substrate/ui,MISSING
507,30,symbol-plist,fn,runtime,source-unbootstrapped
508,30,length>,fn,runtime,MISSING
509,30,file-name-case-insensitive-p,fn,runtime,MISSING
510,30,exit-recursive-edit,fn,runtime,MISSING
511,30,access-file,fn,runtime,MISSING
512,29,set-file-times,fn,runtime,MISSING
513,29,obarrayp,fn,runtime,MISSING
514,29,map-keymap,fn,substrate/ui,MISSING
515,29,makunbound,fn,runtime,MISSING
516,29,fillarray,fn,runtime,MISSING
517,28,treesit-query-compile,fn,substrate/ui,MISSING
518,28,subrp,fn,runtime,MISSING
519,28,logxor,fn,runtime,source-unbootstrapped
520,28,integer-or-marker-p,fn,substrate/ui,MISSING
521,28,file-name-completion,fn,runtime,MISSING
522,28,directory-files-and-attributes,fn,runtime,MISSING
523,28,buffer-local-variables,fn,substrate/ui,MISSING
524,27,window-total-width,fn,substrate/ui,MISSING
525,27,unify-charset,fn,runtime,MISSING
526,27,recursive-edit,fn,runtime,MISSING
527,27,process-attributes,fn,substrate/ui,MISSING
528,27,get-byte,fn,runtime,MISSING
529,27,char-width,fn,runtime,MISSING
530,26,window-prev-buffers,fn,substrate/ui,MISSING
531,26,type-of,fn,runtime,MISSING
532,26,set-window-vscroll,fn,substrate/ui,MISSING
533,26,set-process-buffer,fn,substrate/ui,MISSING
534,26,execute-kbd-macro,fn,runtime,MISSING
535,25,user-uid,fn,runtime,MISSING
536,25,process-filter,fn,substrate/ui,MISSING
537,25,map-char-table,fn,runtime,MISSING
538,25,list-system-processes,fn,runtime,MISSING
539,25,interactive-form,fn,runtime,MISSING
540,25,encode-coding-region,fn,substrate/ui,MISSING
541,25,documentation-property,fn,runtime,MISSING
542,24,window-total-height,fn,substrate/ui,MISSING
543,24,treesit-query-capture,fn,substrate/ui,MISSING
544,24,run-hook-wrapped,fn,substrate/ui,MISSING
545,24,proper-list-p,fn,runtime,MISSING
546,24,make-char,fn,runtime,MISSING
547,24,frame-visible-p,fn,substrate/ui,MISSING
548,24,define-charset-alias,fn,runtime,MISSING
549,24,buffer-enable-undo,fn,substrate/ui,MISSING
550,23,unhandled-file-name-directory,fn,runtime,MISSING
551,23,set-window-new-normal,fn,substrate/ui,MISSING
552,23,set-file-selinux-context,fn,runtime,MISSING
553,23,set-file-acl,fn,runtime,MISSING
554,23,send-string-to-terminal,fn,runtime,MISSING
555,23,read-coding-system,fn,substrate/ui,MISSING
556,23,posn-at-point,fn,substrate/ui,MISSING
557,23,font-get,fn,runtime,MISSING
558,23,file-system-info,fn,runtime,MISSING
559,23,file-selinux-context,fn,runtime,MISSING
560,23,file-acl,fn,runtime,MISSING
561,23,default-file-modes,fn,runtime,MISSING
562,23,daemonp,fn,runtime,MISSING
563,23,char-category-set,fn,substrate/ui,MISSING
564,22,window-pixel-height,fn,substrate/ui,MISSING
565,22,window-next-sibling,fn,substrate/ui,MISSING
566,22,window-body-width,fn,substrate/ui,MISSING
567,22,treesit-node-prev-sibling,fn,substrate/ui,MISSING
568,22,set-terminal-parameter,fn,runtime,MISSING
569,22,set-process-coding-system,fn,substrate/ui,MISSING
570,22,search-backward-regexp,fn,substrate/ui,MISSING
571,22,previous-single-char-property-change,fn,runtime,MISSING
572,22,next-property-change,fn,runtime,MISSING
573,22,memory-info,fn,runtime,MISSING
574,22,font-info,fn,runtime,MISSING
575,22,encode-char,fn,runtime,MISSING
576,22,char-table-extra-slot,fn,runtime,MISSING
577,22,base64-decode-string,fn,runtime,MISSING
578,21,window-pixel-width,fn,substrate/ui,MISSING
579,21,window-pixel-top,fn,substrate/ui,MISSING
580,21,window-normal-size,fn,substrate/ui,MISSING
581,21,window-new-normal,fn,substrate/ui,MISSING
582,21,unlock-file,fn,runtime,MISSING
583,21,rplaca,fn,runtime,MISSING
584,21,process-send-region,fn,substrate/ui,MISSING
585,21,process-id,fn,substrate/ui,MISSING
586,21,emacs-pid,fn,runtime,MISSING
587,21,downcase-region,fn,substrate/ui,MISSING
588,21,decode-char,fn,runtime,MISSING
589,21,clear-string,fn,runtime,MISSING
590,21,char-table-p,fn,runtime,MISSING
591,21,byte-code-function-p,fn,runtime,MISSING
592,20,window-pixel-left,fn,substrate/ui,MISSING
593,20,window-body-height,fn,substrate/ui,MISSING
594,20,take,fn,runtime,MISSING
595,20,setplist,fn,runtime,source-unbootstrapped
596,20,sequencep,fn,runtime,source-unbootstrapped
597,20,position-bytes,fn,runtime,MISSING
598,20,make-directory-internal,fn,runtime,MISSING
599,20,lognot,fn,runtime,source-unbootstrapped
600,20,lock-file,fn,runtime,MISSING
601,20,discard-input,fn,runtime,MISSING
602,20,default-boundp,fn,runtime,MISSING
603,20,charsetp,fn,runtime,MISSING
604,19,window-vscroll,fn,substrate/ui,MISSING
605,19,window-list-1,fn,substrate/ui,MISSING
606,19,this-single-command-keys,fn,substrate/ui,MISSING
607,19,posn-at-x-y,fn,runtime,MISSING
608,19,nlistp,fn,runtime,source-unbootstrapped
609,19,mouse-position,fn,substrate/ui,MISSING
610,19,file-name-concat,fn,runtime,MISSING
611,18,process-command,fn,substrate/ui,MISSING
612,18,org-file-name-concat,fn,runtime,MISSING
613,18,minibuffer-contents,fn,substrate/ui,MISSING
614,18,make-network-process,fn,runtime,MISSING
615,18,func-arity,fn,runtime,MISSING
616,18,frame-pixel-width,fn,substrate/ui,MISSING
617,18,eval-buffer,fn,substrate/ui,MISSING
618,18,char-charset,fn,runtime,MISSING
619,18,base64-decode-region,fn,substrate/ui,MISSING
620,18,autoload-do-load,fn,runtime,MISSING
621,17,window-margins,fn,substrate/ui,MISSING
622,17,window-fringes,fn,substrate/ui,MISSING
623,17,subr-name,fn,runtime,MISSING
624,17,sin,fn,runtime,MISSING
625,17,process-sentinel,fn,substrate/ui,MISSING
626,17,keymap-parent,fn,substrate/ui,MISSING
627,17,field-beginning,fn,runtime,MISSING
628,17,current-bidi-paragraph-direction,fn,runtime,MISSING
629,16,window-list,fn,substrate/ui,MISSING
630,16,treesit-available-p,fn,substrate/ui,MISSING
631,16,store-match-data,fn,substrate/ui,MISSING
632,16,set-fontset-font,fn,runtime,MISSING
633,16,rplacd,fn,runtime,MISSING
634,16,recursion-depth,fn,runtime,MISSING
635,16,next-overlay-change,fn,substrate/ui,MISSING
636,16,mouse-pixel-position,fn,substrate/ui,MISSING
637,16,mail-header-p,fn,runtime,MISSING
638,16,default-toplevel-value,fn,runtime,MISSING
639,16,constrain-to-field,fn,runtime,MISSING
640,16,capitalize-word,fn,runtime,MISSING
641,15,window-text-pixel-size,fn,substrate/ui,MISSING
642,15,window-text-height,fn,substrate/ui,MISSING
643,15,this-single-command-raw-keys,fn,substrate/ui,MISSING
644,15,test-completion,fn,runtime,MISSING
645,15,interrupt-process,fn,runtime,MISSING
646,15,insert-before-markers-and-inherit,fn,substrate/ui,MISSING
647,15,gnutls-available-p,fn,runtime,MISSING
648,15,garbage-collect,fn,runtime,MISSING
649,15,frame-first-window,fn,substrate/ui,MISSING
650,15,current-time-zone,fn,runtime,MISSING
651,15,cos,fn,runtime,MISSING
652,15,check-coding-system,fn,substrate/ui,MISSING
653,15,charset-plist,fn,runtime,MISSING
654,14,upcase-region,fn,substrate/ui,MISSING
655,14,treesit-parser-list,fn,substrate/ui,MISSING
656,14,set-window-prev-buffers,fn,substrate/ui,MISSING
657,14,set-window-margins,fn,substrate/ui,MISSING
658,14,process-contact,fn,substrate/ui,MISSING
659,14,next-frame,fn,substrate/ui,MISSING
660,14,indirect-variable,fn,runtime,MISSING
661,14,abbrev-get,fn,runtime,MISSING
662,13,x-get-resource,fn,runtime,MISSING
663,13,unintern,fn,runtime,MISSING
664,13,treesit-search-subtree,fn,substrate/ui,MISSING
665,13,treesit-parser-root-node,fn,substrate/ui,MISSING
666,13,treesit-node-next-sibling,fn,substrate/ui,MISSING
667,13,treesit-node-first-child-for-pos,fn,substrate/ui,MISSING
668,13,top-level,fn,runtime,MISSING
669,13,terminal-live-p,fn,runtime,MISSING
670,13,set-text-conversion-style,fn,runtime,MISSING
671,13,process-list,fn,substrate/ui,MISSING
672,13,make-indirect-buffer,fn,substrate/ui,MISSING
673,13,make-frame-visible,fn,substrate/ui,MISSING
674,13,local-variable-if-set-p,fn,substrate/ui,MISSING
675,13,line-number-display-width,fn,substrate/ui,MISSING
676,13,frame-terminal,fn,substrate/ui,MISSING
677,13,frame-pixel-height,fn,substrate/ui,MISSING
678,13,equal-including-properties,fn,substrate/ui,source-unbootstrapped
679,13,command-remapping,fn,substrate/ui,MISSING
680,12,x-window-property,fn,substrate/ui,MISSING
681,12,visited-file-modtime,fn,runtime,MISSING
682,12,user-real-login-name,fn,runtime,MISSING
683,12,upcase-word,fn,runtime,MISSING
684,12,unicode-property-table-internal,fn,runtime,MISSING
685,12,unibyte-char-to-multibyte,fn,runtime,MISSING
686,12,this-command-keys-vector,fn,substrate/ui,MISSING
687,12,set-window-next-buffers,fn,substrate/ui,MISSING
688,12,set-window-new-pixel,fn,substrate/ui,MISSING
689,12,safe-length,fn,runtime,MISSING
690,12,recordp,fn,runtime,source-unbootstrapped
691,12,previous-window,fn,substrate/ui,MISSING
692,12,iconify-frame,fn,substrate/ui,MISSING
693,12,frame-parent,fn,substrate/ui,MISSING
694,12,field-end,fn,runtime,MISSING
695,12,clear-image-cache,fn,runtime,MISSING
696,12,char-or-string-p,fn,runtime,MISSING
697,12,base64-encode-region,fn,substrate/ui,MISSING
698,11,x-change-window-property,fn,substrate/ui,MISSING
699,11,window-configuration-p,fn,substrate/ui,MISSING
700,11,window-combination-limit,fn,substrate/ui,MISSING
701,11,treesit-node-eq,fn,substrate/ui,MISSING
702,11,terminal-coding-system,fn,substrate/ui,MISSING
703,11,special-variable-p,fn,runtime,MISSING
704,11,scroll-right,fn,substrate/ui,MISSING
705,11,overlay-lists,fn,substrate/ui,MISSING
706,11,max-char,fn,runtime,MISSING
707,11,internal-char-font,fn,runtime,MISSING
708,11,fmakunbound,fn,runtime,source-unbootstrapped
709,11,face-font,fn,substrate/ui,MISSING
710,11,downcase-word,fn,runtime,MISSING
711,11,coding-system-plist,fn,substrate/ui,MISSING
712,10,window-next-buffers,fn,substrate/ui,MISSING
713,10,window-left-child,fn,substrate/ui,MISSING
714,10,unlock-buffer,fn,substrate/ui,MISSING
715,10,set-window-new-total,fn,substrate/ui,MISSING
716,10,scroll-left,fn,substrate/ui,MISSING
717,10,previous-overlay-change,fn,substrate/ui,MISSING
718,10,next-char-property-change,fn,runtime,MISSING
719,10,interpreted-function-p,fn,runtime,MISSING
720,10,group-name,fn,runtime,MISSING
721,10,get-pos-property,fn,runtime,MISSING
722,10,get-load-suffixes,fn,runtime,MISSING
723,10,current-active-maps,fn,runtime,MISSING
724,9,x-send-client-message,fn,runtime,MISSING
725,9,window-top-child,fn,substrate/ui,MISSING
726,9,window-prev-sibling,fn,substrate/ui,MISSING
727,9,window-new-pixel,fn,substrate/ui,MISSING
728,9,window-header-line-height,fn,substrate/ui,MISSING
729,9,treesit-node-match-p,fn,substrate/ui,MISSING
730,9,sxhash,fn,runtime,source-unbootstrapped
731,9,subr-arity,fn,runtime,MISSING
732,9,string-collate-lessp,fn,runtime,MISSING
733,9,standard-case-table,fn,runtime,MISSING
734,9,sqlite-select,fn,runtime,MISSING
735,9,set-default-file-modes,fn,runtime,MISSING
736,9,secure-hash,fn,runtime,MISSING
737,9,run-hook-with-args-until-failure,fn,substrate/ui,MISSING
738,9,recent-keys,fn,runtime,MISSING
739,9,point-at-eol,fn,substrate/ui,MISSING
740,9,native-comp-available-p,fn,runtime,MISSING
741,9,logb,fn,runtime,MISSING
742,9,libxml-parse-html-region,fn,substrate/ui,MISSING
743,9,get-char-property-and-overlay,fn,substrate/ui,MISSING
744,9,funcall-interactively,fn,substrate/ui,MISSING
745,9,frame-text-width,fn,substrate/ui,MISSING
746,9,frame-text-height,fn,substrate/ui,MISSING
747,9,epg--time-from-seconds,fn,runtime,MISSING
748,9,detect-coding-region,fn,substrate/ui,MISSING
749,9,define-fringe-bitmap,fn,runtime,MISSING
750,9,copy-hash-table,fn,runtime,MISSING
751,9,cl-type-of,fn,runtime,MISSING
752,9,closurep,fn,runtime,MISSING
753,9,call-last-kbd-macro,fn,runtime,MISSING
754,9,atan,fn,runtime,MISSING
755,8,window-valid-p,fn,substrate/ui,MISSING
756,8,window-text-width,fn,substrate/ui,MISSING
757,8,window-new-total,fn,substrate/ui,MISSING
758,8,upcase-initials,fn,runtime,MISSING
759,8,unibyte-string,fn,runtime,source-unbootstrapped
760,8,tty-type,fn,runtime,MISSING
761,8,symbol-with-pos-p,fn,runtime,MISSING
762,8,sxhash-eq,fn,runtime,source-unbootstrapped
763,8,string-version-lessp,fn,runtime,MISSING
764,8,signal-process,fn,runtime,MISSING
765,8,set-frame-width,fn,substrate/ui,MISSING
766,8,set-frame-selected-window,fn,substrate/ui,MISSING
767,8,process-type,fn,substrate/ui,MISSING
768,8,overlay-properties,fn,substrate/ui,MISSING
769,8,native-comp-function-p,fn,runtime,MISSING
770,8,font-shape-gstring,fn,runtime,MISSING
771,8,describe-vector,fn,runtime,MISSING
772,8,defining-kbd-macro,fn,runtime,MISSING
773,8,compare-buffer-substrings,fn,substrate/ui,MISSING
774,8,backward-prefix-chars,fn,substrate/ui,MISSING
775,7,x-register-dnd-atom,fn,runtime,MISSING
776,7,x-open-connection,fn,runtime,MISSING
777,7,x-list-fonts,fn,runtime,MISSING
778,7,x-get-atom-name,fn,runtime,MISSING
779,7,x-focus-frame,fn,substrate/ui,MISSING
780,7,x-display-pixel-width,fn,substrate/ui,MISSING
781,7,x-display-pixel-height,fn,substrate/ui,MISSING
782,7,window-tab-line-height,fn,substrate/ui,MISSING
783,7,treesit-search-forward,fn,substrate/ui,MISSING
784,7,treesit-query-language,fn,substrate/ui,MISSING
785,7,treesit-parser-language,fn,substrate/ui,MISSING
786,7,transpose-regions,fn,substrate/ui,MISSING
787,7,tramp-compat-set-file-times,fn,runtime,MISSING
788,7,tramp-compat-length>,fn,runtime,MISSING
789,7,tramp-compat-file-name-concat,fn,runtime,MISSING
790,7,tan,fn,runtime,MISSING
791,7,suspend-emacs,fn,runtime,MISSING
792,7,string-to-multibyte,fn,runtime,MISSING
793,7,string-bytes,fn,runtime,MISSING
794,7,set-mouse-position,fn,substrate/ui,MISSING
795,7,set-frame-size,fn,substrate/ui,MISSING
796,7,set-char-table-parent,fn,runtime,MISSING
797,7,replace-buffer-contents,fn,substrate/ui,MISSING
798,7,process-tty-name,fn,substrate/ui,MISSING
799,7,process-query-on-exit-flag,fn,substrate/ui,MISSING
800,7,point-at-bol,fn,substrate/ui,MISSING
801,7,matching-paren,fn,runtime,MISSING
802,7,line-pixel-height,fn,runtime,MISSING
803,7,keyboard-coding-system,fn,substrate/ui,MISSING
804,7,image-flush,fn,runtime,MISSING
805,7,force-window-update,fn,substrate/ui,MISSING
806,7,fontset-list,fn,runtime,MISSING
807,7,fontp,fn,runtime,MISSING
808,7,fceiling,fn,runtime,MISSING
809,7,drop,fn,runtime,MISSING
810,7,cvs-cdr,fn,runtime,MISSING
811,7,coding-system-aliases,fn,substrate/ui,MISSING
812,7,cl-values,fn,runtime,MISSING
813,7,char-table-parent,fn,runtime,MISSING
814,7,bare-symbol,fn,runtime,MISSING
815,6,x-popup-dialog,fn,runtime,MISSING
816,6,x-get-selection-internal,fn,runtime,MISSING
817,6,window-line-height,fn,substrate/ui,MISSING
818,6,treesit-parser-set-included-ranges,fn,substrate/ui,MISSING
819,6,treesit-node-parser,fn,substrate/ui,MISSING
820,6,treesit-node-child-count,fn,substrate/ui,MISSING
821,6,treesit-induce-sparse-tree,fn,substrate/ui,MISSING
822,6,thread-live-p,fn,runtime,MISSING
823,6,text-quoting-style,fn,runtime,MISSING
824,6,stop-process,fn,runtime,MISSING
825,6,set-buffer-major-mode,fn,substrate/ui,MISSING
826,6,redraw-display,fn,substrate/ui,MISSING
827,6,recent-auto-save-p,fn,runtime,MISSING
828,6,read-variable,fn,runtime,MISSING
829,6,process-plist,fn,substrate/ui,MISSING
830,6,process-coding-system,fn,substrate/ui,MISSING
831,6,ntake,fn,runtime,MISSING
832,6,multibyte-char-to-unibyte,fn,runtime,MISSING
833,6,message-box,fn,runtime,MISSING
834,6,marker-insertion-type,fn,substrate/ui,MISSING
835,6,last-nonminibuffer-frame,fn,substrate/ui,MISSING
836,6,imagep,fn,runtime,MISSING
837,6,hash-table-size,fn,runtime,MISSING
838,6,frame-or-buffer-changed-p,fn,substrate/ui,MISSING
839,6,find-operation-coding-system,fn,substrate/ui,MISSING
840,6,eval-region,fn,substrate/ui,MISSING
841,6,end-kbd-macro,fn,runtime,MISSING
842,6,command-modes,fn,substrate/ui,MISSING
843,6,clear-this-command-keys,fn,substrate/ui,MISSING
844,6,clear-face-cache,fn,substrate/ui,MISSING
845,6,char-table-range,fn,runtime,MISSING
846,6,byte-to-position,fn,runtime,MISSING
847,6,byteorder,fn,runtime,MISSING
848,6,byte-code,fn,runtime,MISSING
849,6,add-variable-watcher,fn,runtime,MISSING
850,5,x-display-list,fn,substrate/ui,MISSING
851,5,x-begin-drag,fn,runtime,MISSING
852,5,window-scroll-bar-width,fn,substrate/ui,MISSING
853,5,window-scroll-bars,fn,substrate/ui,MISSING
854,5,window-display-table,fn,substrate/ui,MISSING
855,5,unencodable-char-position,fn,runtime,MISSING
856,5,tty-top-frame,fn,substrate/ui,MISSING
857,5,tty-display-color-p,fn,substrate/ui,MISSING
858,5,treesit-parser-included-ranges,fn,substrate/ui,MISSING
859,5,treesit-node-check,fn,substrate/ui,MISSING
860,5,terminal-list,fn,runtime,MISSING
861,5,start-kbd-macro,fn,runtime,MISSING
862,5,sqlite-execute,fn,runtime,MISSING
863,5,set-window-display-table,fn,substrate/ui,MISSING
864,5,redraw-frame,fn,substrate/ui,MISSING
865,5,read-command,fn,substrate/ui,MISSING
866,5,quit-process,fn,runtime,MISSING
867,5,query-fontset,fn,runtime,MISSING
868,5,other-window-for-scrolling,fn,substrate/ui,MISSING
869,5,optimize-char-table,fn,runtime,MISSING
870,5,old-selected-window,fn,substrate/ui,MISSING
871,5,object-intervals,fn,runtime,MISSING
872,5,make-bool-vector,fn,runtime,source-unbootstrapped
873,5,load-average,fn,runtime,MISSING
874,5,length<,fn,runtime,MISSING
875,5,keymap-prompt,fn,substrate/ui,MISSING
876,5,isnan,fn,runtime,MISSING
877,5,getenv-internal,fn,runtime,MISSING
878,5,font-xlfd-name,fn,runtime,MISSING
879,5,face-attribute-relative-p,fn,substrate/ui,MISSING
880,5,do-auto-save,fn,runtime,MISSING
881,5,display-supports-face-attributes-p,fn,substrate/ui,MISSING
882,5,current-idle-time,fn,runtime,MISSING
883,5,comp-el-to-eln-filename,fn,runtime,MISSING
884,5,coding-system-put,fn,substrate/ui,MISSING
885,5,coding-system-priority-list,fn,substrate/ui,MISSING
886,5,acos,fn,runtime,MISSING
887,4,zlib-available-p,fn,runtime,MISSING
888,4,x-server-version,fn,runtime,MISSING
889,4,x-server-vendor,fn,runtime,MISSING
890,4,x-parse-geometry,fn,runtime,MISSING
891,4,x-display-set-last-user-time,fn,substrate/ui,MISSING
892,4,x-display-grayscale-p,fn,substrate/ui,MISSING
893,4,window-use-time,fn,substrate/ui,MISSING
894,4,window-resize-apply,fn,substrate/ui,MISSING
895,4,window-parameters,fn,substrate/ui,MISSING
896,4,visible-frame-list,fn,substrate/ui,MISSING
897,4,variable-binding-locus,fn,substrate/ui,MISSING
898,4,treesit-pattern-expand,fn,substrate/ui,MISSING
899,4,treesit-parser-delete,fn,substrate/ui,MISSING
900,4,treesit-language-available-p,fn,substrate/ui,MISSING
901,4,tramp-compat-length=,fn,runtime,MISSING
902,4,tramp-compat-length<,fn,runtime,MISSING
903,4,terminal-name,fn,runtime,MISSING
904,4,string-to-unibyte,fn,runtime,MISSING
905,4,set-frame-height,fn,substrate/ui,MISSING
906,4,set-category-table,fn,substrate/ui,MISSING
907,4,send-string,fn,runtime,MISSING
908,4,profiler-memory-running-p,fn,runtime,MISSING
909,4,profiler-cpu-running-p,fn,runtime,MISSING
910,4,previous-char-property-change,fn,runtime,MISSING
911,4,pdumper-stats,fn,runtime,MISSING
912,4,overlay-recenter,fn,substrate/ui,MISSING
913,4,obarray-clear,fn,runtime,MISSING
914,4,network-interface-list,fn,substrate/ui,MISSING
915,4,native-comp-unit-file,fn,runtime,MISSING
916,4,minibuffer-contents-no-properties,fn,substrate/ui,MISSING
917,4,make-interpreted-closure,fn,runtime,MISSING
918,4,logcount,fn,runtime,MISSING
919,4,lock-buffer,fn,substrate/ui,MISSING
920,4,libxml-parse-xml-region,fn,substrate/ui,MISSING
921,4,internal-make-var-non-special,fn,runtime,MISSING
922,4,hash-table-test,fn,runtime,MISSING
923,4,group-gid,fn,runtime,MISSING
924,4,frame-native-width,fn,substrate/ui,MISSING
925,4,frame-native-height,fn,substrate/ui,MISSING
926,4,format-network-address,fn,runtime,MISSING
927,4,field-string,fn,runtime,MISSING
928,4,ffloor,fn,runtime,MISSING
929,4,face-attributes-as-vector,fn,substrate/ui,MISSING
930,4,event-convert-list,fn,substrate/ui,MISSING
931,4,detect-coding-string,fn,substrate/ui,MISSING
932,4,delete-all-overlays,fn,substrate/ui,MISSING
933,4,current-input-mode,fn,runtime,MISSING
934,4,coordinates-in-window-p,fn,substrate/ui,MISSING
935,4,charset-after,fn,runtime,MISSING
936,4,byte-to-string,fn,runtime,MISSING
937,4,buffer-swap-text,fn,substrate/ui,MISSING
938,4,buffer-hash,fn,substrate/ui,MISSING
939,4,bool-vector,fn,runtime,source-unbootstrapped
940,4,backtrace-debug,fn,runtime,MISSING
941,4,asin,fn,runtime,MISSING
942,4,ad-lambdafy,fn,runtime,MISSING
943,3,x-show-tip,fn,runtime,MISSING
944,3,x-hide-tip,fn,runtime,MISSING
945,3,x-get-local-selection,fn,runtime,MISSING
946,3,window-scroll-bar-height,fn,substrate/ui,MISSING
947,3,window-right-divider-width,fn,substrate/ui,MISSING
948,3,window-mode-line-height,fn,substrate/ui,MISSING
949,3,window-bottom-divider-width,fn,substrate/ui,MISSING
950,3,window-at,fn,substrate/ui,MISSING
951,3,waiting-for-user-input-p,fn,runtime,MISSING
952,3,user-real-uid,fn,runtime,MISSING
953,3,tty-no-underline,fn,runtime,MISSING
954,3,treesit-subtree-stat,fn,substrate/ui,MISSING
955,3,treesit-query-expand,fn,substrate/ui,MISSING
956,3,treesit-parser-buffer,fn,substrate/ui,MISSING
957,3,treesit-node-p,fn,substrate/ui,MISSING
958,3,treesit-node-field-name-for-child,fn,substrate/ui,MISSING
959,3,treesit-node-descendant-for-range,fn,substrate/ui,MISSING
960,3,tramp-compat-ntake,fn,runtime,MISSING
961,3,tramp-compat-directory-files,fn,runtime,MISSING
962,3,time-to-seconds,fn,runtime,MISSING
963,3,tab-bar-height,fn,runtime,MISSING
964,3,syntax-table-p,fn,substrate/ui,MISSING
965,3,sqlite-pragma,fn,runtime,MISSING
966,3,set-input-mode,fn,runtime,MISSING
967,3,set-input-meta-mode,fn,runtime,MISSING
968,3,set-coding-system-priority,fn,substrate/ui,MISSING
969,3,set-case-table,fn,runtime,MISSING
970,3,set-buffer-auto-saved,fn,substrate/ui,MISSING
971,3,serial-process-configure,fn,substrate/ui,MISSING
972,3,remove-pos-from-symbol,fn,runtime,MISSING
973,3,register-ccl-program,fn,runtime,MISSING
974,3,redirect-frame-focus,fn,substrate/ui,MISSING
975,3,profiler-memory-stop,fn,runtime,MISSING
976,3,profiler-memory-start,fn,runtime,MISSING
977,3,profiler-memory-log,fn,runtime,MISSING
978,3,profiler-cpu-stop,fn,runtime,MISSING
979,3,profiler-cpu-start,fn,runtime,MISSING
980,3,profiler-cpu-log,fn,runtime,MISSING
981,3,process-thread,fn,substrate/ui,MISSING
982,3,org-get-buffer-create,fn,substrate/ui,MISSING
983,3,org-buffer-hash,fn,substrate/ui,MISSING
984,3,next-read-file-uses-dialog-p,fn,runtime,MISSING
985,3,native-elisp-load,fn,runtime,MISSING
986,3,minor-mode-key-binding,fn,substrate/ui,MISSING
987,3,menu-bar-menu-at-x-y,fn,runtime,MISSING
988,3,memory-use-counts,fn,runtime,MISSING
989,3,mapbacktrace,fn,runtime,MISSING
990,3,make-category-table,fn,substrate/ui,MISSING
991,3,make-byte-code,fn,runtime,MISSING
992,3,long-line-optimizations-p,fn,runtime,MISSING
993,3,locate-file-internal,fn,runtime,MISSING
994,3,ldexp,fn,runtime,MISSING
995,3,keymap--get-keyelt,fn,substrate/ui,MISSING
996,3,internal-show-cursor,fn,runtime,MISSING
997,3,internal-set-lisp-face-attribute,fn,substrate/ui,MISSING
998,3,internal-lisp-face-p,fn,substrate/ui,MISSING
999,3,internal-lisp-face-attribute-values,fn,substrate/ui,MISSING
1000,3,insert-byte,fn,substrate/ui,MISSING
1001,3,image-transforms-p,fn,runtime,MISSING
1002,3,gnus-data-find-in,fn,runtime,MISSING
1003,3,function-equal,fn,runtime,MISSING
1004,3,ftruncate,fn,runtime,MISSING
1005,3,fround,fn,runtime,MISSING
1006,3,frame-text-cols,fn,substrate/ui,MISSING
1007,3,frame-scroll-bar-width,fn,substrate/ui,MISSING
1008,3,frame-right-divider-width,fn,substrate/ui,MISSING
1009,3,frame-position,fn,substrate/ui,MISSING
1010,3,frame-internal-border-width,fn,substrate/ui,MISSING
1011,3,frame-fringe-width,fn,substrate/ui,MISSING
1012,3,font-has-char-p,fn,runtime,MISSING
1013,3,font-get-glyphs,fn,runtime,MISSING
1014,3,field-string-no-properties,fn,runtime,MISSING
1015,3,delete-terminal,fn,runtime,MISSING
1016,3,define-hash-table-test,fn,runtime,MISSING
1017,3,dbus-get-unique-name,fn,runtime,MISSING
1018,3,copy-tramp-file-name,fn,runtime,MISSING
1019,3,continue-process,fn,runtime,MISSING
1020,3,char-table-subtype,fn,runtime,MISSING
1021,3,category-table,fn,substrate/ui,MISSING
1022,3,car-less-than-car,fn,runtime,MISSING
1023,3,capitalize-region,fn,substrate/ui,MISSING
1024,3,button--area-button-string,fn,runtime,MISSING
1025,3,buffer-text-pixel-size,fn,substrate/ui,MISSING
1026,3,bool-vector-p,fn,runtime,source-unbootstrapped
1027,3,backtrace-eval,fn,runtime,MISSING
1028,2,x-select-font,fn,runtime,MISSING
1029,2,x-get-modifier-masks,fn,runtime,MISSING
1030,2,x-display-mm-width,fn,substrate/ui,MISSING
1031,2,x-display-mm-height,fn,substrate/ui,MISSING
1032,2,x-display-color-cells,fn,substrate/ui,MISSING
1033,2,window-top-line,fn,substrate/ui,MISSING
1034,2,window-old-pixel-height,fn,substrate/ui,MISSING
1035,2,window-left-column,fn,substrate/ui,MISSING
1036,2,window-configuration-frame,fn,substrate/ui,MISSING
1037,2,window-bump-use-time,fn,substrate/ui,MISSING
1038,2,upcase-initials-region,fn,substrate/ui,MISSING
1039,2,unix-sync,fn,runtime,MISSING
1040,2,treesit-parser-p,fn,substrate/ui,MISSING
1041,2,treesit-parser-notifiers,fn,substrate/ui,MISSING
1042,2,treesit-parser-add-notifier,fn,substrate/ui,MISSING
1043,2,treesit-node-string,fn,substrate/ui,MISSING
1044,2,tramp-compat-take,fn,runtime,MISSING
1045,2,tramp-compat-set-file-modes,fn,runtime,MISSING
1046,2,tool-bar-pixel-width,fn,runtime,MISSING
1047,2,tool-bar-height,fn,runtime,MISSING
1048,2,thread-name,fn,runtime,MISSING
1049,2,system-users,fn,runtime,MISSING
1050,2,symbol-with-pos-pos,fn,runtime,MISSING
1051,2,sxhash-equal,fn,runtime,source-unbootstrapped
1052,2,suspend-tty,fn,runtime,MISSING
1053,2,subr-native-lambda-list,fn,runtime,MISSING
1054,2,subr-native-comp-unit,fn,runtime,MISSING
1055,2,string-distance,fn,runtime,MISSING
1056,2,sqlite-open,fn,runtime,MISSING
1057,2,sqlite-available-p,fn,runtime,MISSING
1058,2,Snarf-documentation,fn,runtime,MISSING
1059,2,signal-names,fn,runtime,MISSING
1060,2,set-terminal-coding-system-internal,fn,substrate/ui,MISSING
1061,2,set-standard-case-table,fn,runtime,MISSING
1062,2,set-process-plist,fn,substrate/ui,MISSING
1063,2,set-network-process-option,fn,substrate/ui,MISSING
1064,2,set-keyboard-coding-system-internal,fn,substrate/ui,MISSING
1065,2,secure-hash-algorithms,fn,runtime,MISSING
1066,2,remove-variable-watcher,fn,runtime,MISSING
1067,2,read-positioning-symbols,fn,runtime,MISSING
1068,2,query-font,fn,runtime,MISSING
1069,2,previous-property-change,fn,runtime,MISSING
1070,2,previous-frame,fn,substrate/ui,MISSING
1071,2,posix-string-match,fn,runtime,MISSING
1072,2,position-symbol,fn,runtime,MISSING
1073,2,org-string-distance,fn,runtime,MISSING
1074,2,org-replace-buffer-contents,fn,substrate/ui,MISSING
1075,2,num-processors,fn,runtime,MISSING
1076,2,new-fontset,fn,runtime,MISSING
1077,2,move-point-visually,fn,substrate/ui,MISSING
1078,2,menu-or-popup-active-p,fn,runtime,MISSING
1079,2,match-data--translate,fn,substrate/ui,MISSING
1080,2,marker-last-position,fn,substrate/ui,MISSING
1081,2,map--plist-member,fn,runtime,MISSING
1082,2,map-keymap-internal,fn,substrate/ui,MISSING
1083,2,make-terminal-frame,fn,substrate/ui,MISSING
1084,2,make-temp-file-internal,fn,runtime,MISSING
1085,2,make-pipe-process,fn,runtime,MISSING
1086,2,make-frame-invisible,fn,substrate/ui,MISSING
1087,2,locale-info,fn,runtime,MISSING
1088,2,libxml-available-p,fn,runtime,MISSING
1089,2,json-parse-buffer,fn,substrate/ui,MISSING
1090,2,internal--define-uninitialized-variable,fn,runtime,MISSING
1091,2,image-mask-p,fn,runtime,MISSING
1092,2,gnutls-peer-status,fn,runtime,MISSING
1093,2,gnutls-errorp,fn,runtime,MISSING
1094,2,gnutls-ciphers,fn,runtime,MISSING
1095,2,frexp,fn,runtime,MISSING
1096,2,frame-text-lines,fn,substrate/ui,MISSING
1097,2,frame--face-hash-table,fn,substrate/ui,MISSING
1098,2,frame-bottom-divider-width,fn,substrate/ui,MISSING
1099,2,font-put,fn,runtime,MISSING
1100,2,font-family-list,fn,runtime,MISSING
1101,2,find-composition-internal,fn,runtime,MISSING
1102,2,find-charset-region,fn,substrate/ui,MISSING
1103,2,eieio--class-constructor,fn,runtime,MISSING
1104,2,dump-emacs-portable,fn,runtime,MISSING
1105,2,delete-other-windows-internal,fn,substrate/ui,MISSING
1106,2,current-case-table,fn,runtime,MISSING
1107,2,copy-comp-mvar,fn,runtime,MISSING
1108,2,compose-string-internal,fn,runtime,MISSING
1109,2,comp-el-to-eln-rel-filename,fn,runtime,MISSING
1110,2,clear-font-cache,fn,runtime,MISSING
1111,2,cl--block-wrapper,fn,runtime,MISSING
1112,2,chmod,fn,runtime,MISSING
1113,2,category-set-mnemonics,fn,substrate/ui,MISSING
1114,2,bury-buffer-internal,fn,substrate/ui,MISSING
1115,2,buffer-line-statistics,fn,substrate/ui,MISSING
1116,2,bool-vector-subsetp,fn,runtime,MISSING
1117,2,bidi-find-overridden-directionality,fn,runtime,MISSING
1118,2,accelerate-menu,fn,runtime,MISSING
1119,1,zlib-decompress-region,fn,substrate/ui,MISSING
1120,1,xw-display-color-p,fn,substrate/ui,MISSING
1121,1,xw-color-values,fn,runtime,MISSING
1122,1,xw-color-defined-p,fn,runtime,MISSING
1123,1,x-uses-old-gtk-dialog,fn,runtime,MISSING
1124,1,x-translate-coordinates,fn,runtime,MISSING
1125,1,x-set-mouse-absolute-pixel-position,fn,substrate/ui,MISSING
1126,1,x-selection-owner-p,fn,runtime,MISSING
1127,1,x-selection-exists-p,fn,runtime,MISSING
1128,1,x-own-selection-internal,fn,runtime,MISSING
1129,1,x-mouse-absolute-pixel-position,fn,substrate/ui,MISSING
1130,1,x-internal-focus-input-context,fn,runtime,MISSING
1131,1,x-frame-restack,fn,substrate/ui,MISSING
1132,1,x-frame-list-z-order,fn,substrate/ui,MISSING
1133,1,x-frame-geometry,fn,substrate/ui,MISSING
1134,1,x-frame-edges,fn,substrate/ui,MISSING
1135,1,x-file-dialog,fn,runtime,MISSING
1136,1,x-display-visual-class,fn,substrate/ui,MISSING
1137,1,x-display-screens,fn,substrate/ui,MISSING
1138,1,x-display-save-under,fn,substrate/ui,MISSING
1139,1,x-display-planes,fn,substrate/ui,MISSING
1140,1,x-display-monitor-attributes-list,fn,substrate/ui,MISSING
1141,1,x-display-backing-store,fn,substrate/ui,MISSING
1142,1,x-disown-selection-internal,fn,runtime,MISSING
1143,1,x-delete-window-property,fn,substrate/ui,MISSING
1144,1,x-create-frame,fn,substrate/ui,MISSING
1145,1,x-close-connection,fn,runtime,MISSING
1146,1,x-backspace-delete-keys-p,fn,runtime,MISSING
1147,1,write-char,fn,runtime,MISSING
1148,1,window-resize-apply-total,fn,substrate/ui,MISSING
1149,1,window-old-pixel-width,fn,substrate/ui,MISSING
1150,1,window-old-buffer,fn,substrate/ui,MISSING
1151,1,window-lines-pixel-dimensions,fn,substrate/ui,MISSING
1152,1,window-configuration-equal-p,fn,substrate/ui,MISSING
1153,1,tty-display-color-cells,fn,substrate/ui,MISSING
1154,1,treesit-query-p,fn,substrate/ui,MISSING
1155,1,treesit-parser-remove-notifier,fn,substrate/ui,MISSING
1156,1,treesit-compiled-query-p,fn,substrate/ui,MISSING
1157,1,translate-region-internal,fn,substrate/ui,MISSING
1158,1,tramp-compat-file-modes,fn,runtime,MISSING
1159,1,thread-signal,fn,runtime,MISSING
1160,1,thread--blocker,fn,runtime,MISSING
1161,1,system-groups,fn,runtime,MISSING
1162,1,sxhash-eql,fn,runtime,source-unbootstrapped
1163,1,subr-type,fn,runtime,MISSING
1164,1,string-make-unibyte,fn,runtime,source-unbootstrapped
1165,1,string-make-multibyte,fn,runtime,source-unbootstrapped
1166,1,string-as-unibyte,fn,runtime,source-unbootstrapped
1167,1,string-as-multibyte,fn,runtime,source-unbootstrapped
1168,1,standard-category-table,fn,substrate/ui,MISSING
1169,1,sqlite-transaction,fn,runtime,MISSING
1170,1,sqlite-rollback,fn,runtime,MISSING
1171,1,sqlitep,fn,runtime,MISSING
1172,1,sqlite-next,fn,runtime,MISSING
1173,1,sqlite-more-p,fn,runtime,MISSING
1174,1,sqlite-finalize,fn,runtime,MISSING
1175,1,sqlite-commit,fn,runtime,MISSING
1176,1,sqlite-columns,fn,runtime,MISSING
1177,1,sqlite-close,fn,runtime,MISSING
1178,1,split-window-internal,fn,substrate/ui,MISSING
1179,1,split-char,fn,runtime,MISSING
1180,1,sort-charsets,fn,runtime,MISSING
1181,1,smie-op-left,fn,runtime,MISSING
1182,1,set-window-scroll-bars,fn,substrate/ui,MISSING
1183,1,set-window-fringes,fn,substrate/ui,MISSING
1184,1,set-window-combination-limit,fn,substrate/ui,MISSING
1185,1,set-time-zone-rule,fn,runtime,MISSING
1186,1,set--this-command-keys,fn,substrate/ui,MISSING
1187,1,set-safe-terminal-coding-system-internal,fn,substrate/ui,MISSING
1188,1,set-process-window-size,fn,substrate/ui,MISSING
1189,1,set-process-inherit-coding-system-flag,fn,substrate/ui,MISSING
1190,1,set-mouse-pixel-position,fn,substrate/ui,MISSING
1191,1,set-minibuffer-window,fn,substrate/ui,MISSING
1192,1,set-frame-position,fn,substrate/ui,MISSING
1193,1,set-charset-priority,fn,runtime,MISSING
1194,1,set-charset-plist,fn,runtime,MISSING
1195,1,run-window-scroll-functions,fn,substrate/ui,MISSING
1196,1,resume-tty,fn,runtime,MISSING
1197,1,resize-mini-window-internal,fn,substrate/ui,MISSING
1198,1,re--describe-compiled,fn,runtime,MISSING
1199,1,reconsider-frame-fonts,fn,substrate/ui,MISSING
1200,1,put-unicode-property-internal,fn,runtime,MISSING
1201,1,process-inherit-coding-system-flag,fn,substrate/ui,MISSING
1202,1,print--preprocess,fn,runtime,MISSING
1203,1,play-sound-internal,fn,runtime,MISSING
1204,1,org-line-number-display-width,fn,substrate/ui,MISSING
1205,1,open-font,fn,runtime,MISSING
1206,1,network-lookup-address-info,fn,runtime,MISSING
1207,1,native-comp-unit-set-file,fn,runtime,MISSING
1208,1,mutex-unlock,fn,runtime,MISSING
1209,1,mutex-lock,fn,runtime,MISSING
1210,1,module-function-p,fn,runtime,MISSING
1211,1,minibuffer-prompt,fn,substrate/ui,MISSING
1212,1,minibuffer-innermost-command-loop-p,fn,substrate/ui,MISSING
1213,1,merge-face-attribute,fn,substrate/ui,MISSING
1214,1,map--plist-put,fn,runtime,MISSING
1215,1,make-serial-process,fn,runtime,MISSING
1216,1,make-record,fn,runtime,MISSING
1217,1,make-finalizer,fn,runtime,MISSING
1218,1,make-closure,fn,runtime,MISSING
1219,1,make-category-set,fn,substrate/ui,MISSING
1220,1,lread--substitute-object-in-subtree,fn,runtime,MISSING
1221,1,lossage-size,fn,runtime,MISSING
1222,1,list-fonts,fn,runtime,MISSING
1223,1,json-serialize,fn,runtime,MISSING
1224,1,json-parse-string,fn,runtime,MISSING
1225,1,invocation-name,fn,runtime,MISSING
1226,1,invocation-directory,fn,runtime,MISSING
1227,1,internal--track-mouse,fn,substrate/ui,MISSING
1228,1,internal-subr-documentation,fn,runtime,MISSING
1229,1,internal-show-cursor-p,fn,runtime,MISSING
1230,1,internal-set-lisp-face-attribute-from-resource,fn,substrate/ui,MISSING
1231,1,internal-set-font-selection-order,fn,runtime,MISSING
1232,1,internal-set-alternative-font-registry-alist,fn,runtime,MISSING
1233,1,internal-set-alternative-font-family-alist,fn,runtime,MISSING
1234,1,internal-merge-in-global-face,fn,substrate/ui,MISSING
1235,1,internal-make-lisp-face,fn,substrate/ui,MISSING
1236,1,internal-lisp-face-equal-p,fn,substrate/ui,MISSING
1237,1,internal-lisp-face-empty-p,fn,substrate/ui,MISSING
1238,1,internal--labeled-widen,fn,substrate/ui,MISSING
1239,1,internal--labeled-narrow-to-region,fn,substrate/ui,MISSING
1240,1,internal-handle-focus-in,fn,runtime,MISSING
1241,1,internal-get-lisp-face-attribute,fn,substrate/ui,MISSING
1242,1,internal-face-x-get-resource,fn,substrate/ui,MISSING
1243,1,internal-event-symbol-parse-modifiers,fn,substrate/ui,MISSING
1244,1,internal-describe-syntax-value,fn,substrate/ui,MISSING
1245,1,internal-copy-lisp-face,fn,substrate/ui,MISSING
1246,1,internal-complete-buffer,fn,substrate/ui,MISSING
1247,1,inotify-add-watch,fn,runtime,MISSING
1248,1,innermost-minibuffer-p,fn,substrate/ui,MISSING
1249,1,init-image-library,fn,runtime,MISSING
1250,1,image-metadata,fn,runtime,MISSING
1251,1,image-cache-size,fn,runtime,MISSING
1252,1,help--describe-vector,fn,runtime,MISSING
1253,1,hash-table-weakness,fn,runtime,MISSING
1254,1,handler-bind-1,fn,runtime,MISSING
1255,1,gpm-mouse-stop,fn,substrate/ui,MISSING
1256,1,gpm-mouse-start,fn,substrate/ui,MISSING
1257,1,gnutls-symmetric-encrypt,fn,runtime,MISSING
1258,1,gnutls-symmetric-decrypt,fn,runtime,MISSING
1259,1,gnutls-format-certificate,fn,runtime,MISSING
1260,1,gnutls-error-string,fn,runtime,MISSING
1261,1,gnutls-boot,fn,runtime,MISSING
1262,1,get-variable-watchers,fn,runtime,MISSING
1263,1,get-unicode-property-internal,fn,runtime,MISSING
1264,1,get-truename-buffer,fn,substrate/ui,MISSING
1265,1,gap-size,fn,runtime,MISSING
1266,1,funcall-with-delayed-message,fn,runtime,MISSING
1267,1,fringe-bitmaps-at-pos,fn,runtime,MISSING
1268,1,frame-total-lines,fn,substrate/ui,MISSING
1269,1,frame-total-cols,fn,substrate/ui,MISSING
1270,1,frame--set-was-invisible,fn,substrate/ui,MISSING
1271,1,frame-scroll-bar-height,fn,substrate/ui,MISSING
1272,1,frame-pointer-visible-p,fn,substrate/ui,MISSING
1273,1,frame-border-width,fn,substrate/ui,MISSING
1274,1,frame-ancestor-p,fn,substrate/ui,MISSING
1275,1,frame-after-make-frame,fn,substrate/ui,MISSING
1276,1,font-variation-glyphs,fn,runtime,MISSING
1277,1,fontset-info,fn,runtime,MISSING
1278,1,font-match-p,fn,substrate/ui,MISSING
1279,1,font-get-system-font,fn,runtime,MISSING
1280,1,font-face-attributes,fn,substrate/ui,MISSING
1281,1,font-at,fn,runtime,MISSING
1282,1,find-font,fn,runtime,MISSING
1283,1,find-coding-systems-region-internal,fn,substrate/ui,MISSING
1284,1,find-charset-string,fn,runtime,MISSING
1285,1,find-buffer,fn,substrate/ui,MISSING
1286,1,eshell-process-identity,fn,substrate/ui,MISSING
1287,1,epg--copy-key,fn,runtime,MISSING
1288,1,documentation-stringp,fn,runtime,MISSING
1289,1,display--update-for-mouse-movement,fn,substrate/ui,MISSING
1290,1,display--line-is-continued-p,fn,substrate/ui,MISSING
1291,1,describe-buffer-bindings,fn,substrate/ui,MISSING
1292,1,delete-window-internal,fn,substrate/ui,MISSING
1293,1,delete-file-internal,fn,runtime,MISSING
1294,1,delete-field,fn,runtime,MISSING
1295,1,defvar-1,fn,runtime,MISSING
1296,1,defconst-1,fn,runtime,MISSING
1297,1,dbus--init-bus,fn,runtime,MISSING
1298,1,daemon-initialized,fn,runtime,MISSING
1299,1,current-thread,fn,runtime,MISSING
1300,1,current-minor-mode-maps,fn,runtime,MISSING
1301,1,copysign,fn,runtime,MISSING
1302,1,copy-package-desc,fn,runtime,MISSING
1303,1,copy-cvs-flags,fn,runtime,MISSING
1304,1,copy-category-table,fn,substrate/ui,MISSING
1305,1,controlling-tty-p,fn,runtime,MISSING
1306,1,compute-motion,fn,runtime,MISSING
1307,1,comp--release-ctxt,fn,runtime,MISSING
1308,1,composition-get-gstring,fn,runtime,MISSING
1309,1,compose-region-internal,fn,substrate/ui,MISSING
1310,1,comp--install-trampoline,fn,runtime,MISSING
1311,1,comp--init-ctxt,fn,runtime,MISSING
1312,1,comp--compile-ctxt-to-file0,fn,runtime,MISSING
1313,1,command-error-default-function,fn,substrate/ui,MISSING
1314,1,combine-after-change-execute,fn,runtime,MISSING
1315,1,color-values-from-color-spec,fn,runtime,MISSING
1316,1,color-supported-p,fn,runtime,MISSING
1317,1,color-distance,fn,runtime,MISSING
1318,1,clear-composition-cache,fn,runtime,MISSING
1319,1,clear-charset-maps,fn,runtime,MISSING
1320,1,cl--copy-slot-descriptor-1,fn,runtime,MISSING
1321,1,cl--block-throw,fn,runtime,MISSING
1322,1,char-resolve-modifiers,fn,runtime,MISSING
1323,1,ccl-program-p,fn,runtime,MISSING
1324,1,ccl-execute-on-string,fn,runtime,MISSING
1325,1,ccl-execute,fn,runtime,MISSING
1326,1,category-docstring,fn,substrate/ui,MISSING
1327,1,case-table-p,fn,runtime,MISSING
1328,1,buffer-last-name,fn,substrate/ui,MISSING
1329,1,bool-vector-not,fn,runtime,MISSING
1330,1,bool-vector-intersection,fn,runtime,MISSING
1331,1,bool-vector-count-population,fn,runtime,MISSING
1332,1,bool-vector-count-consecutive,fn,runtime,MISSING
1333,1,backtrace--locals,fn,runtime,MISSING
1334,1,backtrace--frames-from-thread,fn,substrate/ui,MISSING
1335,1,backtrace-frame--internal,fn,substrate/ui,MISSING
1336,1,all-threads,fn,runtime,MISSING
1337,1,accessible-keymaps,fn,substrate/ui,MISSING
1338,1,abbrev-put,fn,runtime,MISSING
1339,0,x-wm-set-size-hint,fn,runtime,MISSING
1340,0,x-window-property-attributes,fn,substrate/ui,MISSING
1341,0,x-synchronize,fn,runtime,MISSING
1342,0,x-server-max-request-size,fn,runtime,MISSING
1343,0,x-server-input-extension-version,fn,runtime,MISSING
1344,0,x-print-frames-dialog,fn,substrate/ui,MISSING
1345,0,x-page-setup-dialog,fn,runtime,MISSING
1346,0,xmltok-unicode-to-char,fn,runtime,MISSING
1347,0,x-menu-bar-open-internal,fn,runtime,MISSING
1348,0,x-gtk-debug,fn,runtime,MISSING
1349,0,x-get-page-setup,fn,runtime,MISSING
1350,0,x-family-fonts,fn,runtime,MISSING
1351,0,x-export-frames,fn,substrate/ui,MISSING
1352,0,x-double-buffered-p,fn,substrate/ui,MISSING
1353,0,window-pixel-width-before-size-change,fn,substrate/ui,MISSING
1354,0,window-pixel-height-before-size-change,fn,substrate/ui,MISSING
1355,0,window-old-point,fn,substrate/ui,MISSING
1356,0,window-old-body-pixel-width,fn,substrate/ui,MISSING
1357,0,window-old-body-pixel-height,fn,substrate/ui,MISSING
1358,0,window-cursor-type,fn,substrate/ui,MISSING
1359,0,widget-plist-member,fn,substrate/ui,MISSING
1360,0,widget-beginning-of-line,fn,substrate/ui,MISSING
1361,0,vector-or-char-table-p,fn,runtime,MISSING
1362,0,value<,fn,runtime,MISSING
1363,0,user-ptrp,fn,runtime,MISSING
1364,0,user-original-login-name,fn,runtime,MISSING
1365,0,tty-suppress-bold-inverse-default-colors,fn,runtime,MISSING
1366,0,tty--set-output-buffer-size,fn,substrate/ui,MISSING
1367,0,tty--output-buffer-size,fn,substrate/ui,MISSING
1368,0,treesit-parser-tag,fn,substrate/ui,MISSING
1369,0,treesit-library-abi-version,fn,substrate/ui,MISSING
1370,0,treesit-language-abi-version,fn,substrate/ui,MISSING
1371,0,tramp-compat-directory-files-and-attributes,fn,runtime,MISSING
1372,0,tool-bar-lines-needed,fn,runtime,MISSING
1373,0,tool-bar-get-system-style,fn,runtime,MISSING
1374,0,thread-yield,fn,runtime,MISSING
1375,0,threadp,fn,runtime,MISSING
1376,0,thread-last-error,fn,runtime,MISSING
1377,0,thread-join,fn,runtime,MISSING
1378,0,text-char-description,fn,runtime,MISSING
1379,0,terminal-parameters,fn,runtime,MISSING
1380,0,syntax-class-to-char,fn,substrate/ui,MISSING
1381,0,sxhash-equal-including-properties,fn,substrate/ui,MISSING
1382,0,subtract-time,fn,runtime,MISSING
1383,0,subr-native-elisp-p,fn,runtime,MISSING
1384,0,string-reverse,fn,runtime,MISSING
1385,0,string-collate-equalp,fn,runtime,MISSING
1386,0,store-kbd-macro-event,fn,substrate/ui,MISSING
1387,0,sqlite-version,fn,runtime,MISSING
1388,0,sqlite-load-extension,fn,runtime,MISSING
1389,0,sqlite-execute-batch,fn,runtime,MISSING
1390,0,smie--funcall,fn,runtime,MISSING
1391,0,set-window-cursor-type,fn,substrate/ui,MISSING
1392,0,set-quit-char,fn,runtime,MISSING
1393,0,set-process-thread,fn,substrate/ui,MISSING
1394,0,set-process-datagram-address,fn,substrate/ui,MISSING
1395,0,set-output-flow-control,fn,runtime,MISSING
1396,0,set-input-interrupt-mode,fn,runtime,MISSING
1397,0,set-fringe-bitmap-face,fn,substrate/ui,MISSING
1398,0,set-frame-window-state-change,fn,substrate/ui,MISSING
1399,0,set-buffer-redisplay,fn,substrate/ui,MISSING
1400,0,set-binary-mode,fn,runtime,MISSING
1401,0,send-region,fn,substrate/ui,MISSING
1402,0,savehist-trim-history,fn,runtime,MISSING
1403,0,run-window-configuration-change-hook,fn,substrate/ui,MISSING
1404,0,register-code-conversion-map,fn,runtime,MISSING
1405,0,reftex-window-height,fn,substrate/ui,MISSING
1406,0,reftex-overlay-put,fn,substrate/ui,MISSING
1407,0,reftex-move-overlay,fn,substrate/ui,MISSING
1408,0,reftex-make-overlay,fn,substrate/ui,MISSING
1409,0,reftex-delete-overlay,fn,substrate/ui,MISSING
1410,0,redirect-debugging-output,fn,runtime,MISSING
1411,0,read-non-nil-coding-system,fn,substrate/ui,MISSING
1412,0,process-running-child-p,fn,substrate/ui,MISSING
1413,0,process-datagram-address,fn,substrate/ui,MISSING
1414,0,posix-search-forward,fn,substrate/ui,MISSING
1415,0,posix-search-backward,fn,substrate/ui,MISSING
1416,0,posix-looking-at,fn,substrate/ui,MISSING
1417,0,pcomplete-read-event,fn,substrate/ui,MISSING
1418,0,pcomplete-match-end,fn,substrate/ui,MISSING
1419,0,pcomplete-match-beginning,fn,substrate/ui,MISSING
1420,0,pcomplete-event-matches-key-specifier-p,fn,substrate/ui,MISSING
1421,0,org-without-partial-completion,special,runtime,MISSING
1422,0,org-time-subtract,fn,runtime,MISSING
1423,0,org-time-less-p,fn,runtime,MISSING
1424,0,org-time-add,fn,runtime,MISSING
1425,0,org-string-collate-lessp,fn,runtime,MISSING
1426,0,org-propertize,fn,substrate/ui,MISSING
1427,0,org-indent-to-column,fn,substrate/ui,MISSING
1428,0,org-icompleting-read,fn,substrate/ui,MISSING
1429,0,org-get-indentation,fn,substrate/ui,MISSING
1430,0,org-format-time-string,fn,runtime,MISSING
1431,0,org-float-time,fn,runtime,MISSING
1432,0,org-detach-overlay,fn,substrate/ui,MISSING
1433,0,org-defvaralias,fn,runtime,MISSING
1434,0,org-decode-time,fn,runtime,MISSING
1435,0,org-completing-read-no-i,fn,substrate/ui,MISSING
1436,0,org-char-to-string,fn,runtime,MISSING
1437,0,org-babel-edit-distance,fn,runtime,MISSING
1438,0,open-termscript,fn,runtime,MISSING
1439,0,open-dribble-file,fn,runtime,MISSING
1440,0,old-selected-frame,fn,substrate/ui,MISSING
1441,0,newline-cache-check,fn,runtime,MISSING
1442,0,network-interface-info,fn,substrate/ui,MISSING
1443,0,mutexp,fn,runtime,MISSING
1444,0,mutex-name,fn,runtime,MISSING
1445,0,module-load,fn,runtime,MISSING
1446,0,message-or-box,fn,runtime,MISSING
1447,0,malloc-trim,fn,runtime,MISSING
1448,0,malloc-info,fn,runtime,MISSING
1449,0,make-thread,fn,runtime,MISSING
1450,0,make-mutex,fn,runtime,MISSING
1451,0,make-condition-variable,fn,runtime,MISSING
1452,0,lower-frame,fn,substrate/ui,MISSING
1453,0,lookup-image-map,fn,runtime,MISSING
1454,0,lcms-xyz->jch,fn,runtime,MISSING
1455,0,lcms-temp->white-point,fn,substrate/ui,MISSING
1456,0,lcms-jch->xyz,fn,runtime,MISSING
1457,0,lcms-jch->jab,fn,runtime,MISSING
1458,0,lcms-jab->jch,fn,runtime,MISSING
1459,0,lcms-cie-de2000,fn,runtime,MISSING
1460,0,lcms-cam02-ucs,fn,runtime,MISSING
1461,0,lcms2-available-p,fn,runtime,MISSING
1462,0,kmacro-exec-ring-item,fn,runtime,MISSING
1463,0,json-insert,fn,substrate/ui,MISSING
1464,0,iso-charset,fn,runtime,MISSING
1465,0,internal-stack-stats,fn,runtime,MISSING
1466,0,internal--set-buffer-modified-tick,fn,substrate/ui,MISSING
1467,0,internal--obarray-buckets,fn,runtime,MISSING
1468,0,internal--hash-table-index-size,fn,runtime,MISSING
1469,0,internal--hash-table-histogram,fn,runtime,MISSING
1470,0,internal--hash-table-buckets,fn,runtime,MISSING
1471,0,internal-default-signal-process,fn,runtime,MISSING
1472,0,internal-default-process-sentinel,fn,substrate/ui,MISSING
1473,0,internal-default-process-filter,fn,substrate/ui,MISSING
1474,0,internal-default-interrupt-process,fn,runtime,MISSING
1475,0,inotify-valid-p,fn,runtime,MISSING
1476,0,inotify-rm-watch,fn,runtime,MISSING
1477,0,image-refresh,fn,runtime,MISSING
1478,0,ht-p,fn,runtime,MISSING
1479,0,ht?,fn,runtime,MISSING
1480,0,ht-each,fn,runtime,MISSING
1481,0,hash-table-rehash-threshold,fn,runtime,MISSING
1482,0,hash-table-rehash-size,fn,runtime,MISSING
1483,0,handle-save-session,fn,runtime,MISSING
1484,0,group-real-gid,fn,runtime,MISSING
1485,0,gnutls-peer-status-warning-describe,fn,runtime,MISSING
1486,0,gnutls-macs,fn,runtime,MISSING
1487,0,gnutls-hash-mac,fn,runtime,MISSING
1488,0,gnutls-hash-digest,fn,runtime,MISSING
1489,0,gnutls-get-initstage,fn,runtime,MISSING
1490,0,gnutls-error-fatalp,fn,runtime,MISSING
1491,0,gnutls-digests,fn,runtime,MISSING
1492,0,gnutls-deinit,fn,runtime,MISSING
1493,0,gnutls-bye,fn,runtime,MISSING
1494,0,gnutls-asynchronous-parameters,fn,runtime,MISSING
1495,0,gnus-correct-length,fn,runtime,MISSING
1496,0,gmm-format-time-string,fn,runtime,MISSING
1497,0,get-unused-iso-final-char,fn,runtime,MISSING
1498,0,get-unused-category,fn,substrate/ui,MISSING
1499,0,get-internal-run-time,fn,runtime,MISSING
1500,0,get-display-property,fn,substrate/ui,MISSING
1501,0,garbage-collect-maybe,fn,runtime,MISSING
1502,0,gap-position,fn,runtime,MISSING
1503,0,f-writable-p,fn,runtime,MISSING
1504,0,f-writable?,fn,runtime,MISSING
1505,0,f-readable-p,fn,runtime,MISSING
1506,0,f-readable?,fn,runtime,MISSING
1507,0,frame-window-state-change,fn,substrate/ui,MISSING
1508,0,frame-scale-factor,fn,substrate/ui,MISSING
1509,0,frame-old-selected-window,fn,substrate/ui,MISSING
1510,0,frame-font-cache,fn,substrate/ui,MISSING
1511,0,frame-focus,fn,substrate/ui,MISSING
1512,0,frame-child-frame-border-width,fn,substrate/ui,MISSING
1513,0,format-proper-list-p,fn,runtime,MISSING
1514,0,fontset-font,fn,runtime,MISSING
1515,0,font-get-system-normal-font,fn,runtime,MISSING
1516,0,>=,fn,runtime,source-unbootstrapped
1517,0,>,fn,runtime,source-unbootstrapped
1518,0,=,fn,runtime,source-unbootstrapped
1519,0,<=,fn,runtime,source-unbootstrapped
1520,0,<,fn,runtime,source-unbootstrapped
1521,0,/=,fn,runtime,source-unbootstrapped
1522,0,/,fn,runtime,source-unbootstrapped
1523,0,-,fn,runtime,source-unbootstrapped
1524,0,+,fn,runtime,source-unbootstrapped
1525,0,*,fn,runtime,source-unbootstrapped
1526,0,%,fn,runtime,MISSING
1527,0,flymake-display-warning,fn,substrate/ui,MISSING
1528,0,flush-standard-output,fn,runtime,MISSING
1529,0,-first-item,fn,runtime,MISSING
1530,0,file-attributes-lessp,fn,runtime,MISSING
1531,0,f-file-p,fn,runtime,MISSING
1532,0,f-file?,fn,runtime,MISSING
1533,0,f-exists-p,fn,runtime,MISSING
1534,0,f-exists?,fn,runtime,MISSING
1535,0,f-executable-p,fn,runtime,MISSING
1536,0,f-executable?,fn,runtime,MISSING
1537,0,f-dir-p,fn,runtime,MISSING
1538,0,f-dir?,fn,runtime,MISSING
1539,0,f-directory-p,fn,runtime,MISSING
1540,0,f-directory?,fn,runtime,MISSING
1541,0,f-absolute-p,fn,runtime,MISSING
1542,0,f-absolute?,fn,runtime,MISSING
1543,0,external-debugging-output,fn,runtime,MISSING
1544,0,evil-copy-range,fn,runtime,MISSING
1545,0,eshell-user-name,fn,runtime,MISSING
1546,0,eshell-redisplay,fn,substrate/ui,MISSING
1547,0,eshell-bol,fn,runtime,MISSING
1548,0,ert-equal-including-properties,fn,substrate/ui,MISSING
1549,0,encode-sjis-char,fn,runtime,MISSING
1550,0,encode-big5-char,fn,runtime,MISSING
1551,0,ediff-read-event,fn,substrate/ui,MISSING
1552,0,ediff-overlayp,fn,substrate/ui,MISSING
1553,0,ediff-overlay-get,fn,substrate/ui,MISSING
1554,0,ediff-overlay-buffer,fn,substrate/ui,MISSING
1555,0,ediff-make-overlay,fn,substrate/ui,MISSING
1556,0,ediff-frame-char-width,fn,substrate/ui,MISSING
1557,0,ediff-frame-char-height,fn,substrate/ui,MISSING
1558,0,ediff-event-key,fn,substrate/ui,MISSING
1559,0,ediff-delete-overlay,fn,substrate/ui,MISSING
1560,0,ediff-copy-list,fn,runtime,MISSING
1561,0,eat--t-copy-term,fn,runtime,MISSING
1562,0,eat--t-copy-face,fn,substrate/ui,MISSING
1563,0,eat--t-copy-disp,fn,runtime,MISSING
1564,0,eat--t-copy-cur,fn,runtime,MISSING
1565,0,dump-emacs-portable--sort-predicate,fn,runtime,MISSING
1566,0,dump-emacs-portable--sort-predicate-copied,fn,runtime,MISSING
1567,0,-drop,fn,runtime,MISSING
1568,0,dired-get-subdir-min,fn,runtime,MISSING
1569,0,destroy-fringe-bitmap,fn,runtime,MISSING
1570,0,delete-directory-internal,fn,runtime,MISSING
1571,0,define-coding-system-internal,fn,substrate/ui,MISSING
1572,0,define-charset-internal,fn,runtime,MISSING
1573,0,decode-sjis-char,fn,runtime,MISSING
1574,0,decode-big5-char,fn,runtime,MISSING
1575,0,declare-equiv-charset,fn,runtime,MISSING
1576,0,dbus-message-internal,fn,runtime,MISSING
1577,0,dash--length=,fn,runtime,MISSING
1578,0,current-cpu-time,fn,runtime,MISSING
1579,0,copy-xref-match-item,fn,substrate/ui,MISSING
1580,0,copy-xref-item,fn,runtime,MISSING
1581,0,copy-xref-file-location,fn,runtime,MISSING
1582,0,copy-xref-etags-location,fn,runtime,MISSING
1583,0,copy-xref-etags-apropos-location,fn,runtime,MISSING
1584,0,copy-xref-elisp-location,fn,runtime,MISSING
1585,0,copy-xref-buffer-location,fn,substrate/ui,MISSING
1586,0,copy-xref-bogus-location,fn,runtime,MISSING
1587,0,copy-which-key--pages,fn,runtime,MISSING
1588,0,copy-websocket-frame,fn,substrate/ui,MISSING
1589,0,copy-websocket,fn,runtime,MISSING
1590,0,copy-vulpea-parse-ctx,fn,runtime,MISSING
1591,0,copy-vulpea-note,fn,runtime,MISSING
1592,0,copy-vulpea-extractor,fn,runtime,MISSING
1593,0,copy-url-queue,fn,runtime,MISSING
1594,0,copy-undo-tree-register-data,fn,runtime,MISSING
1595,0,copy-treemacs-workspace,fn,runtime,MISSING
1596,0,copy-treemacs-theme,fn,runtime,MISSING
1597,0,copy-treemacs-scope-shelf,fn,runtime,MISSING
1598,0,copy-treemacs-project,fn,runtime,MISSING
1599,0,copy-treemacs-iter,fn,runtime,MISSING
1600,0,copy-treemacs-dom-node,fn,runtime,MISSING
1601,0,copy-track-changes--tracker,fn,runtime,MISSING
1602,0,copy-track-changes--state,fn,runtime,MISSING
1603,0,copy-tar-header,fn,runtime,MISSING
1604,0,copy-register-preview-info,fn,runtime,MISSING
1605,0,copy-prop-match,fn,runtime,MISSING
1606,0,copy-profiler-profile,fn,runtime,MISSING
1607,0,copy-profiler-calltree,fn,runtime,MISSING
1608,0,copy-plz-response,fn,runtime,MISSING
1609,0,copy-plz-queue,fn,runtime,MISSING
1610,0,copy-plz-queued-request,fn,runtime,MISSING
1611,0,copy-plz-error,fn,runtime,MISSING
1612,0,copy-package--bi-desc,fn,runtime,MISSING
1613,0,copy-org-element-deferred,fn,runtime,MISSING
1614,0,copy-nnimap,fn,runtime,MISSING
1615,0,copy-mm-uu-entry,fn,runtime,MISSING
1616,0,copy-mail-header,fn,runtime,MISSING
1617,0,copy-llm-tool-options,fn,runtime,MISSING
1618,0,copy-llm-tool,fn,runtime,MISSING
1619,0,copy-llm-standard-provider,fn,runtime,MISSING
1620,0,copy-llm-standard-full-provider,fn,runtime,MISSING
1621,0,copy-llm-standard-chat-provider,fn,runtime,MISSING
1622,0,copy-llm-provider-utils-tool-use,fn,runtime,MISSING
1623,0,copy-llm-ollama,fn,runtime,MISSING
1624,0,copy-llm-ollama-authed,fn,runtime,MISSING
1625,0,copy-llm-multipart,fn,runtime,MISSING
1626,0,copy-llm-model,fn,runtime,MISSING
1627,0,copy-llm-media,fn,runtime,MISSING
1628,0,copy-llm-chat-prompt-tool-result,fn,runtime,MISSING
1629,0,copy-llm-chat-prompt-interaction,fn,runtime,MISSING
1630,0,copy-llm-chat-prompt,fn,runtime,MISSING
1631,0,copy-lisp-indent-state,fn,substrate/ui,MISSING
1632,0,copy-js--pitem,fn,runtime,MISSING
1633,0,copy-gnus-info,fn,runtime,MISSING
1634,0,copy-gnus-data,fn,runtime,MISSING
1635,0,-copy,fn,runtime,MISSING
1636,0,copy-flymake--state,fn,runtime,MISSING
1637,0,copy-flymake--diag,fn,runtime,MISSING
1638,0,copy-flycheck-verification-result,fn,runtime,MISSING
1639,0,copy-flycheck-syntax-check,fn,substrate/ui,MISSING
1640,0,copy-flycheck-line-cache,fn,runtime,MISSING
1641,0,copy-flycheck-error,fn,runtime,MISSING
1642,0,copy-file-notify--watch,fn,runtime,MISSING
1643,0,copy-file-notify--rename,fn,runtime,MISSING
1644,0,copy-file-notify,fn,runtime,MISSING
1645,0,copy-ewoc--node,fn,runtime,MISSING
1646,0,copy-ewoc,fn,runtime,MISSING
1647,0,copy-evil-jumps-struct,fn,runtime,MISSING
1648,0,copy-eshell-generic-target,fn,runtime,MISSING
1649,0,copy-eshell-function-target,fn,runtime,MISSING
1650,0,copy-ert-test-skipped,fn,runtime,MISSING
1651,0,copy-ert-test-result-with-condition,fn,runtime,MISSING
1652,0,copy-ert-test-result,fn,runtime,MISSING
1653,0,copy-ert-test-quit,fn,runtime,MISSING
1654,0,copy-ert-test-passed,fn,runtime,MISSING
1655,0,copy-ert-test,fn,runtime,MISSING
1656,0,copy-ert-test-failed,fn,runtime,MISSING
1657,0,copy-ert--test-execution-info,fn,runtime,MISSING
1658,0,copy-ert-test-aborted-with-non-local-exit,fn,runtime,MISSING
1659,0,copy-ert--stats,fn,runtime,MISSING
1660,0,copy-ert--ewoc-entry,fn,runtime,MISSING
1661,0,copy-elfeed-ref,fn,runtime,MISSING
1662,0,copy-elfeed-feed,fn,runtime,MISSING
1663,0,copy-elfeed-entry,fn,runtime,MISSING
1664,0,copy-editorconfig-core-handle-section,fn,runtime,MISSING
1665,0,copy-editorconfig-core-handle,fn,runtime,MISSING
1666,0,copy-doom-modeline--hud-cache,fn,runtime,MISSING
1667,0,copy-debugger--buffer-state,fn,substrate/ui,MISSING
1668,0,copy-comp-nargs,fn,runtime,MISSING
1669,0,copy-comp-func-l,fn,runtime,MISSING
1670,0,copy-comp-func-d,fn,runtime,MISSING
1671,0,copy-comp-data-container,fn,runtime,MISSING
1672,0,copy-comp-ctxt,fn,runtime,MISSING
1673,0,copy-comp-cstr-f,fn,runtime,MISSING
1674,0,copy-comp-cstr-ctxt,fn,runtime,MISSING
1675,0,copy-comp-args,fn,runtime,MISSING
1676,0,copy-comp-args-base,fn,runtime,MISSING
1677,0,copy-cl--generic-method,fn,runtime,MISSING
1678,0,copy-cl--generic-generalizer,fn,runtime,MISSING
1679,0,copy-cl--generic,fn,runtime,MISSING
1680,0,copy-claude-code-ide-mcp-session,fn,runtime,MISSING
1681,0,copy-byte-to-native-top-level,fn,runtime,MISSING
1682,0,copy-byte-to-native-lambda,fn,runtime,MISSING
1683,0,copy-byte-to-native-func-def,fn,runtime,MISSING
1684,0,copy-bindat--type,fn,runtime,MISSING
1685,0,copy-backtrace-frame,fn,substrate/ui,MISSING
1686,0,copy-archive--file-summary,fn,runtime,MISSING
1687,0,copy-archive--file-desc,fn,runtime,MISSING
1688,0,copy-anvil-server-metrics,fn,runtime,MISSING
1689,0,copy-anvil-orchestrator-provider,fn,runtime,MISSING
1690,0,copy-anvil-future,fn,runtime,MISSING
1691,0,copy-anki-editor-note,fn,runtime,MISSING
1692,0,condition-wait,fn,runtime,MISSING
1693,0,condition-variable-p,fn,runtime,MISSING
1694,0,condition-notify,fn,runtime,MISSING
1695,0,condition-name,fn,runtime,MISSING
1696,0,condition-mutex,fn,runtime,MISSING
1697,0,-concat,fn,runtime,MISSING
1698,0,comp--subr-signature,fn,runtime,MISSING
1699,0,comp--register-subr,fn,runtime,MISSING
1700,0,comp--register-lambda,fn,runtime,MISSING
1701,0,composition-sort-rules,fn,runtime,MISSING
1702,0,comp-native-driver-options-effective-p,fn,runtime,MISSING
1703,0,comp-native-compiler-options-effective-p,fn,runtime,MISSING
1704,0,comp-libgccjit-version,fn,runtime,MISSING
1705,0,comp--late-register-subr,fn,runtime,MISSING
1706,0,compare-window-configurations,fn,substrate/ui,MISSING
1707,0,color-gray-p,fn,runtime,MISSING
1708,0,cl-svref,fn,runtime,MISSING
1709,0,cl-rest,fn,runtime,MISSING
1710,0,close-font,fn,runtime,MISSING
1711,0,cl-nth-value,fn,runtime,MISSING
1712,0,cl-multiple-value-call,fn,runtime,MISSING
1713,0,cl-floatp-safe,fn,runtime,MISSING
1714,0,clear-buffer-auto-save-failure,fn,substrate/ui,MISSING
1715,0,cl-copy-seq,fn,runtime,MISSING
1716,0,check-coding-systems-region,fn,substrate/ui,MISSING
1717,0,charset-priority-list,fn,runtime,MISSING
1718,0,charset-id-internal,fn,runtime,MISSING
1719,0,category-table-p,fn,substrate/ui,MISSING
1720,0,cancel-kbd-macro-events,fn,substrate/ui,MISSING
1721,0,bool-vector-union,fn,runtime,MISSING
1722,0,bool-vector-set-difference,fn,runtime,MISSING
1723,0,bool-vector-exclusive-or,fn,runtime,MISSING
1724,0,bitmap-spec-p,fn,runtime,MISSING
1725,0,bidi-resolved-levels,fn,runtime,MISSING
1726,0,base64url-encode-string,fn,runtime,MISSING
1727,0,base64url-encode-region,fn,substrate/ui,MISSING
1728,0,bare-symbol-p,fn,runtime,MISSING
1729,0,1-,fn,runtime,source-unbootstrapped
1730,0,1+,fn,runtime,source-unbootstrapped
